Transaction ID,Date,Customer ID,Gender,Age,Product Category,Quantity,Price per Unit,Total Amount,Age Group,Order Size,Revenue Category,Customer Type
1,24-11-2023,CUST001,Male,34,Beauty,3,50,150,Adult,Bulk,Low,Regular
2,27-02-2023,CUST002,Female,26,Clothing,2,500,1000,Adult,Normal,High,Premium
3,13-01-2023,CUST003,Male,50,Electronics,1,30,30,Senior,Normal,Low,Regular
4,21-05-2023,CUST004,Male,37,Clothing,1,500,500,Adult,Normal,Medium,Premium
5,06-05-2023,CUST005,Male,30,Beauty,2,50,100,Adult,Normal,Low,Regular
6,25-04-2023,CUST006,Female,45,Beauty,1,30,30,Adult,Normal,Low,Regular
7,13-03-2023,CUST007,Male,46,Clothing,2,25,50,Senior,Normal,Low,Regular
8,22-02-2023,CUST008,Male,30,Electronics,4,25,100,Adult,Bulk,Low,Regular
9,13-12-2023,CUST009,Male,63,Electronics,2,300,600,Adult,Normal,Medium,Premium
10,07-10-2023,CUST010,Female,52,Clothing,4,50,200,Senior,Bulk,Low,Regular
11,14-02-2023,CUST011,Male,23,Clothing,2,50,100,Senior,Normal,Low,Regular
12,30-10-2023,CUST012,Male,35,Beauty,3,25,75,Adult,Bulk,Low,Regular
13,05-08-2023,CUST013,Male,22,Electronics,3,500,1500,Senior,Bulk,High,Premium
14,17-01-2023,CUST014,Male,64,Clothing,4,30,120,Senior,Bulk,Low,Regular
15,16-01-2023,CUST015,Female,42,Electronics,4,500,2000,Young,Bulk,High,Premium
16,17-02-2023,CUST016,Male,19,Clothing,3,500,1500,Adult,Bulk,High,Premium
17,22-04-2023,CUST017,Female,27,Clothing,4,25,100,Young,Bulk,Low,Regular
18,30-04-2023,CUST018,Female,47,Electronics,2,25,50,Senior,Normal,Low,Regular
19,16-09-2023,CUST019,Female,62,Clothing,2,25,50,Adult,Normal,Low,Regular
20,05-11-2023,CUST020,Male,22,Clothing,3,300,900,Young,Bulk,Medium,Premium
21,14-01-2023,CUST021,Female,50,Beauty,1,500,500,Adult,Normal,Medium,Premium
22,15-10-2023,CUST022,Male,18,Clothing,2,50,100,Senior,Normal,Low,Regular
23,12-04-2023,CUST023,Female,35,Clothing,4,30,120,Senior,Bulk,Low,Regular
24,29-11-2023,CUST024,Female,49,Clothing,1,300,300,Young,Normal,Low,Premium
25,26-12-2023,CUST025,Female,64,Beauty,1,50,50,Senior,Normal,Low,Regular
26,07-10-2023,CUST026,Female,28,Electronics,2,500,1000,Young,Normal,High,Premium
27,03-08-2023,CUST027,Female,38,Beauty,2,25,50,Adult,Normal,Low,Regular
28,23-04-2023,CUST028,Female,43,Beauty,1,500,500,Senior,Normal,Medium,Premium
29,18-08-2023,CUST029,Female,42,Electronics,1,30,30,Senior,Normal,Low,Regular
30,29-10-2023,CUST030,Female,39,Beauty,3,300,900,Adult,Bulk,Medium,Premium
31,23-05-2023,CUST031,Male,44,Electronics,4,300,1200,Adult,Bulk,High,Premium
32,04-01-2023,CUST032,Male,30,Beauty,3,30,90,Adult,Bulk,Low,Regular
33,23-03-2023,CUST033,Female,50,Electronics,2,50,100,Adult,Normal,Low,Regular
34,24-12-2023,CUST034,Female,51,Clothing,3,50,150,Adult,Bulk,Low,Regular
35,05-08-2023,CUST035,Female,58,Beauty,3,300,900,Adult,Bulk,Medium,Premium
36,24-06-2023,CUST036,Male,52,Beauty,3,300,900,Adult,Bulk,Medium,Premium
37,23-05-2023,CUST037,Female,18,Beauty,3,25,75,Senior,Bulk,Low,Regular
38,21-03-2023,CUST038,Male,38,Beauty,4,50,200,Senior,Bulk,Low,Regular
39,21-04-2023,CUST039,Male,23,Clothing,4,30,120,Senior,Bulk,Low,Regular
40,22-06-2023,CUST040,Male,45,Beauty,1,50,50,Senior,Normal,Low,Regular
41,22-02-2023,CUST041,Male,34,Clothing,2,25,50,Young,Normal,Low,Regular
42,17-02-2023,CUST042,Male,22,Clothing,3,300,900,Adult,Bulk,Medium,Premium
43,14-07-2023,CUST043,Female,48,Clothing,1,300,300,Young,Normal,Low,Premium
44,19-02-2023,CUST044,Female,22,Clothing,1,25,25,Senior,Normal,Low,Regular
45,03-07-2023,CUST045,Female,55,Electronics,1,30,30,Adult,Normal,Low,Regular
46,26-06-2023,CUST046,Female,20,Electronics,4,300,1200,Young,Bulk,High,Premium
47,06-11-2023,CUST047,Female,40,Beauty,3,500,1500,Senior,Bulk,High,Premium
48,16-05-2023,CUST048,Male,54,Electronics,3,300,900,Young,Bulk,Medium,Premium
49,23-01-2023,CUST049,Female,54,Electronics,2,500,1000,Senior,Normal,High,Premium
50,24-08-2023,CUST050,Female,27,Beauty,3,25,75,Young,Bulk,Low,Regular
51,02-10-2023,CUST051,Male,27,Beauty,3,25,75,Adult,Bulk,Low,Regular
52,05-03-2023,CUST052,Female,36,Beauty,1,300,300,Senior,Normal,Low,Premium
53,13-07-2023,CUST053,Male,34,Electronics,2,50,100,Senior,Normal,Low,Regular
54,10-02-2023,CUST054,Female,38,Electronics,3,500,1500,Adult,Bulk,High,Premium
55,10-10-2023,CUST055,Male,31,Beauty,4,30,120,Adult,Bulk,Low,Regular
56,31-05-2023,CUST056,Female,26,Clothing,3,300,900,Adult,Bulk,Medium,Premium
57,18-11-2023,CUST057,Female,63,Beauty,1,30,30,Adult,Normal,Low,Regular
58,13-11-2023,CUST058,Male,18,Clothing,4,300,1200,Adult,Bulk,High,Premium
59,05-07-2023,CUST059,Male,62,Clothing,1,50,50,Adult,Normal,Low,Regular
60,23-10-2023,CUST060,Male,30,Beauty,3,50,150,Adult,Bulk,Low,Regular
61,09-04-2023,CUST061,Male,21,Beauty,4,50,200,Senior,Bulk,Low,Regular
62,27-12-2023,CUST062,Male,18,Beauty,2,50,100,Young,Normal,Low,Regular
63,05-02-2023,CUST063,Male,57,Electronics,2,25,50,Senior,Normal,Low,Regular
64,24-01-2023,CUST064,Male,49,Clothing,4,25,100,Adult,Bulk,Low,Regular
65,05-12-2023,CUST065,Male,51,Electronics,4,500,2000,Young,Bulk,High,Premium
66,27-04-2023,CUST066,Female,45,Electronics,1,30,30,Young,Normal,Low,Regular
67,29-05-2023,CUST067,Female,48,Beauty,4,300,1200,Senior,Bulk,High,Premium
68,10-02-2023,CUST068,Male,25,Electronics,1,300,300,Senior,Normal,Low,Premium
69,30-04-2023,CUST069,Female,56,Beauty,3,25,75,Senior,Bulk,Low,Regular
70,21-02-2023,CUST070,Female,43,Clothing,1,300,300,Senior,Normal,Low,Premium
71,14-07-2023,CUST071,Female,51,Beauty,4,25,100,Senior,Bulk,Low,Regular
72,23-05-2023,CUST072,Female,20,Electronics,4,500,2000,Adult,Bulk,High,Premium
73,21-08-2023,CUST073,Male,29,Electronics,3,30,90,Senior,Bulk,Low,Regular
74,22-11-2023,CUST074,Female,18,Beauty,4,500,2000,Adult,Bulk,High,Premium
75,06-07-2023,CUST075,Male,61,Beauty,4,50,200,Senior,Bulk,Low,Regular
76,25-03-2023,CUST076,Female,22,Electronics,2,50,100,Young,Normal,Low,Regular
77,09-07-2023,CUST077,Female,47,Clothing,2,50,100,Adult,Normal,Low,Regular
78,01-07-2023,CUST078,Female,47,Clothing,3,500,1500,Young,Bulk,High,Premium
79,18-04-2023,CUST079,Male,34,Beauty,1,300,300,Senior,Normal,Low,Premium
80,10-12-2023,CUST080,Female,64,Clothing,2,30,60,Young,Normal,Low,Regular
81,17-05-2023,CUST081,Male,40,Electronics,1,50,50,Senior,Normal,Low,Regular
82,26-12-2023,CUST082,Female,32,Beauty,4,50,200,Senior,Bulk,Low,Regular
83,16-12-2023,CUST083,Male,54,Electronics,2,50,100,Adult,Normal,Low,Regular
84,28-11-2023,CUST084,Female,38,Electronics,3,30,90,Senior,Bulk,Low,Regular
85,06-02-2023,CUST085,Male,31,Clothing,3,50,150,Adult,Bulk,Low,Regular
86,08-11-2023,CUST086,Male,19,Beauty,3,30,90,Adult,Bulk,Low,Regular
87,22-11-2023,CUST087,Female,28,Beauty,2,50,100,Senior,Normal,Low,Regular
88,29-03-2023,CUST088,Male,56,Clothing,1,500,500,Adult,Normal,Medium,Premium
89,01-10-2023,CUST089,Female,55,Electronics,4,500,2000,Adult,Bulk,High,Premium
90,06-05-2023,CUST090,Female,51,Electronics,1,30,30,Young,Normal,Low,Regular
91,25-03-2023,CUST091,Female,55,Electronics,1,500,500,Adult,Normal,Medium,Premium
92,25-08-2023,CUST092,Female,51,Electronics,4,30,120,Senior,Bulk,Low,Regular
93,14-07-2023,CUST093,Female,35,Beauty,4,500,2000,Senior,Bulk,High,Premium
94,19-05-2023,CUST094,Female,47,Beauty,2,500,1000,Senior,Normal,High,Premium
95,24-11-2023,CUST095,Female,32,Clothing,2,30,60,Senior,Normal,Low,Regular
96,19-12-2023,CUST096,Female,44,Clothing,2,300,600,Senior,Normal,Medium,Premium
97,13-10-2023,CUST097,Female,51,Beauty,2,500,1000,Adult,Normal,High,Premium
98,23-04-2023,CUST098,Female,55,Beauty,2,50,100,Senior,Normal,Low,Regular
99,17-12-2023,CUST099,Female,50,Electronics,4,300,1200,Adult,Bulk,High,Premium
100,16-06-2023,CUST100,Male,41,Electronics,1,30,30,Adult,Normal,Low,Regular
101,29-01-2023,CUST101,Male,32,Clothing,2,300,600,Senior,Normal,Medium,Premium
102,28-04-2023,CUST102,Female,47,Beauty,2,25,50,Senior,Normal,Low,Regular
103,17-01-2023,CUST103,Female,59,Clothing,1,25,25,Senior,Normal,Low,Regular
104,11-06-2023,CUST104,Female,34,Beauty,2,500,1000,Adult,Normal,High,Premium
105,25-07-2023,CUST105,Female,22,Electronics,1,500,500,Adult,Normal,Medium,Premium
106,18-05-2023,CUST106,Female,46,Clothing,1,50,50,Senior,Normal,Low,Regular
107,03-02-2023,CUST107,Female,21,Clothing,4,300,1200,Senior,Bulk,High,Premium
108,19-04-2023,CUST108,Female,27,Beauty,3,25,75,Adult,Bulk,Low,Regular
109,18-10-2023,CUST109,Female,34,Electronics,4,500,2000,Young,Bulk,High,Premium
110,11-06-2023,CUST110,Male,27,Clothing,3,300,900,Senior,Bulk,Medium,Premium
111,19-04-2023,CUST111,Female,34,Electronics,3,500,1500,Young,Bulk,High,Premium
112,02-12-2023,CUST112,Male,37,Clothing,3,500,1500,Adult,Bulk,High,Premium
113,13-09-2023,CUST113,Female,41,Electronics,2,25,50,Adult,Normal,Low,Regular
114,22-07-2023,CUST114,Female,22,Beauty,4,25,100,Adult,Bulk,Low,Regular
115,26-11-2023,CUST115,Male,51,Clothing,3,500,1500,Adult,Bulk,High,Premium
116,23-08-2023,CUST116,Female,23,Clothing,1,30,30,Adult,Normal,Low,Regular
117,15-03-2023,CUST117,Male,19,Electronics,2,500,1000,Adult,Normal,High,Premium
118,16-05-2023,CUST118,Female,30,Electronics,4,500,2000,Young,Bulk,High,Premium
119,13-03-2023,CUST119,Female,60,Clothing,3,50,150,Senior,Bulk,Low,Regular
120,07-05-2023,CUST120,Male,60,Beauty,1,50,50,Young,Normal,Low,Regular
121,15-10-2023,CUST121,Female,28,Electronics,4,50,200,Young,Bulk,Low,Regular
122,03-10-2023,CUST122,Male,64,Electronics,4,30,120,Adult,Bulk,Low,Regular
123,15-05-2023,CUST123,Female,40,Electronics,2,30,60,Senior,Normal,Low,Regular
124,27-10-2023,CUST124,Male,33,Clothing,4,500,2000,Senior,Bulk,High,Premium
125,08-08-2023,CUST125,Male,48,Clothing,2,50,100,Adult,Normal,Low,Regular
126,26-10-2023,CUST126,Female,28,Clothing,3,30,90,Senior,Bulk,Low,Regular
127,24-07-2023,CUST127,Female,33,Clothing,2,25,50,Adult,Normal,Low,Regular
128,05-07-2023,CUST128,Male,25,Beauty,1,500,500,Adult,Normal,Medium,Premium
129,23-04-2023,CUST129,Female,21,Beauty,2,300,600,Senior,Normal,Medium,Premium
130,12-03-2023,CUST130,Female,57,Clothing,1,500,500,Adult,Normal,Medium,Premium
131,18-09-2023,CUST131,Female,21,Beauty,2,300,600,Adult,Normal,Medium,Premium
132,10-09-2023,CUST132,Male,42,Electronics,4,50,200,Adult,Bulk,Low,Regular
133,16-02-2023,CUST133,Male,20,Electronics,3,300,900,Young,Bulk,Medium,Premium
134,25-01-2023,CUST134,Male,49,Electronics,1,50,50,Senior,Normal,Low,Regular
135,26-02-2023,CUST135,Male,20,Clothing,2,25,50,Young,Normal,Low,Regular
136,20-03-2023,CUST136,Male,44,Electronics,2,300,600,Adult,Normal,Medium,Premium
137,18-11-2023,CUST137,Male,46,Beauty,2,500,1000,Young,Normal,High,Premium
138,23-03-2023,CUST138,Male,49,Clothing,4,50,200,Senior,Bulk,Low,Regular
139,15-12-2023,CUST139,Male,36,Beauty,4,500,2000,Young,Bulk,High,Premium
140,05-08-2023,CUST140,Male,38,Electronics,1,30,30,Adult,Normal,Low,Regular
141,02-11-2023,CUST141,Female,22,Electronics,1,50,50,Senior,Normal,Low,Regular
142,02-02-2023,CUST142,Male,35,Electronics,4,300,1200,Senior,Bulk,High,Premium
143,17-07-2023,CUST143,Female,45,Clothing,1,50,50,Adult,Normal,Low,Regular
144,15-07-2023,CUST144,Female,59,Beauty,3,500,1500,Adult,Bulk,High,Premium
145,02-11-2023,CUST145,Female,39,Clothing,3,25,75,Young,Bulk,Low,Regular
146,28-08-2023,CUST146,Male,38,Clothing,4,50,200,Adult,Bulk,Low,Regular
147,28-09-2023,CUST147,Male,23,Electronics,1,300,300,Senior,Normal,Low,Premium
148,09-05-2023,CUST148,Male,18,Clothing,2,30,60,Senior,Normal,Low,Regular
149,11-10-2023,CUST149,Male,22,Clothing,3,25,75,Adult,Bulk,Low,Regular
150,06-01-2023,CUST150,Female,58,Electronics,4,30,120,Adult,Bulk,Low,Regular
151,15-12-2023,CUST151,Male,29,Clothing,1,50,50,Young,Normal,Low,Regular
152,28-02-2023,CUST152,Male,43,Electronics,4,500,2000,Young,Bulk,High,Premium
153,16-12-2023,CUST153,Male,63,Electronics,2,500,1000,Young,Normal,High,Premium
154,02-10-2023,CUST154,Male,51,Electronics,3,300,900,Senior,Bulk,Medium,Premium
155,17-05-2023,CUST155,Male,31,Electronics,4,500,2000,Adult,Bulk,High,Premium
156,25-11-2023,CUST156,Female,43,Clothing,4,25,100,Adult,Bulk,Low,Regular
157,24-06-2023,CUST157,Male,62,Electronics,4,500,2000,Senior,Bulk,High,Premium
158,27-02-2023,CUST158,Female,44,Electronics,2,300,600,Senior,Normal,Medium,Premium
159,31-05-2023,CUST159,Male,26,Clothing,4,50,200,Adult,Bulk,Low,Regular
160,11-08-2023,CUST160,Female,43,Clothing,2,50,100,Adult,Normal,Low,Regular
161,22-03-2023,CUST161,Male,64,Beauty,2,500,1000,Senior,Normal,High,Premium
162,21-08-2023,CUST162,Male,39,Clothing,2,30,60,Adult,Normal,Low,Regular
163,02-01-2023,CUST163,Female,64,Clothing,3,50,150,Adult,Bulk,Low,Regular
164,15-05-2023,CUST164,Female,47,Beauty,3,500,1500,Adult,Bulk,High,Premium
165,14-09-2023,CUST165,Female,60,Clothing,4,300,1200,Senior,Bulk,High,Premium
166,02-04-2023,CUST166,Male,34,Clothing,4,500,2000,Adult,Bulk,High,Premium
167,17-09-2023,CUST167,Female,43,Clothing,3,50,150,Senior,Bulk,Low,Regular
168,24-02-2023,CUST168,Male,53,Clothing,1,300,300,Senior,Normal,Low,Premium
169,17-11-2023,CUST169,Male,18,Beauty,3,500,1500,Senior,Bulk,High,Premium
170,02-06-2023,CUST170,Female,25,Clothing,2,25,50,Adult,Normal,Low,Regular
171,24-11-2023,CUST171,Female,52,Clothing,3,300,900,Adult,Bulk,Medium,Premium
172,17-09-2023,CUST172,Male,32,Beauty,2,25,50,Senior,Normal,Low,Regular
173,08-11-2023,CUST173,Male,64,Electronics,4,30,120,Young,Bulk,Low,Regular
174,12-04-2023,CUST174,Female,39,Beauty,1,300,300,Adult,Normal,Low,Premium
175,20-03-2023,CUST175,Female,31,Electronics,4,25,100,Senior,Bulk,Low,Regular
176,11-07-2023,CUST176,Female,43,Beauty,2,50,100,Adult,Normal,Low,Regular
177,24-03-2023,CUST177,Male,45,Beauty,2,50,100,Senior,Normal,Low,Regular
178,04-10-2023,CUST178,Male,40,Clothing,2,30,60,Adult,Normal,Low,Regular
179,29-09-2023,CUST179,Male,31,Electronics,1,300,300,Adult,Normal,Low,Premium
180,01-01-2023,CUST180,Male,41,Clothing,3,300,900,Adult,Bulk,Medium,Premium
181,03-11-2023,CUST181,Male,19,Electronics,4,300,1200,Senior,Bulk,High,Premium
182,15-06-2023,CUST182,Male,62,Beauty,4,30,120,Adult,Bulk,Low,Regular
183,08-09-2023,CUST183,Female,43,Beauty,3,300,900,Adult,Bulk,Medium,Premium
184,10-01-2023,CUST184,Male,31,Electronics,4,50,200,Adult,Bulk,Low,Regular
185,27-02-2023,CUST185,Male,24,Clothing,1,25,25,Young,Normal,Low,Regular
186,05-07-2023,CUST186,Male,20,Clothing,4,50,200,Senior,Bulk,Low,Regular
187,07-06-2023,CUST187,Female,64,Clothing,2,50,100,Adult,Normal,Low,Regular
188,03-05-2023,CUST188,Male,40,Clothing,3,25,75,Adult,Bulk,Low,Regular
189,30-01-2023,CUST189,Male,63,Beauty,1,50,50,Young,Normal,Low,Regular
190,04-05-2023,CUST190,Female,60,Beauty,3,30,90,Young,Bulk,Low,Regular
191,18-10-2023,CUST191,Male,64,Beauty,1,25,25,Senior,Normal,Low,Regular
192,10-02-2023,CUST192,Male,62,Beauty,2,50,100,Adult,Normal,Low,Regular
193,13-02-2023,CUST193,Male,35,Beauty,3,500,1500,Senior,Bulk,High,Premium
194,06-09-2023,CUST194,Male,55,Clothing,4,50,200,Senior,Bulk,Low,Regular
195,05-02-2023,CUST195,Male,52,Clothing,1,30,30,Senior,Normal,Low,Regular
196,30-09-2023,CUST196,Female,32,Clothing,3,300,900,Senior,Bulk,Medium,Premium
197,06-03-2023,CUST197,Female,42,Clothing,4,50,200,Adult,Bulk,Low,Regular
198,07-03-2023,CUST198,Female,54,Beauty,3,300,900,Senior,Bulk,Medium,Premium
199,04-12-2023,CUST199,Male,45,Beauty,3,500,1500,Senior,Bulk,High,Premium
200,01-09-2023,CUST200,Male,27,Beauty,3,50,150,Adult,Bulk,Low,Regular
201,09-10-2023,CUST201,Male,56,Electronics,1,25,25,Adult,Normal,Low,Regular
202,26-03-2023,CUST202,Female,34,Clothing,4,300,1200,Senior,Bulk,High,Premium
203,16-05-2023,CUST203,Male,56,Clothing,2,500,1000,Senior,Normal,High,Premium
204,28-09-2023,CUST204,Male,39,Beauty,1,25,25,Adult,Normal,Low,Regular
205,07-11-2023,CUST205,Female,43,Clothing,1,25,25,Senior,Normal,Low,Regular
206,05-08-2023,CUST206,Male,61,Clothing,1,25,25,Adult,Normal,Low,Regular
207,19-04-2023,CUST207,Female,42,Beauty,2,25,50,Senior,Normal,Low,Regular
208,04-10-2023,CUST208,Female,34,Electronics,4,50,200,Adult,Bulk,Low,Regular
209,20-12-2023,CUST209,Female,30,Electronics,4,50,200,Adult,Bulk,Low,Regular
210,13-04-2023,CUST210,Male,37,Electronics,4,50,200,Senior,Bulk,Low,Regular
211,01-01-2024,CUST211,Male,42,Beauty,3,500,1500,Adult,Bulk,High,Premium
212,09-06-2023,CUST212,Male,21,Clothing,3,500,1500,Adult,Bulk,High,Premium
213,24-07-2023,CUST213,Male,27,Beauty,3,500,1500,Adult,Bulk,High,Premium
214,10-12-2023,CUST214,Male,20,Beauty,2,30,60,Adult,Normal,Low,Regular
215,29-11-2023,CUST215,Male,58,Clothing,3,500,1500,Adult,Bulk,High,Premium
216,11-07-2023,CUST216,Male,62,Electronics,2,50,100,Young,Normal,Low,Regular
217,13-08-2023,CUST217,Female,35,Electronics,4,50,200,Adult,Bulk,Low,Regular
218,22-09-2023,CUST218,Male,64,Beauty,3,30,90,Young,Bulk,Low,Regular
219,20-08-2023,CUST219,Female,53,Electronics,3,30,90,Senior,Bulk,Low,Regular
220,03-03-2023,CUST220,Male,64,Beauty,1,500,500,Senior,Normal,Medium,Premium
221,07-05-2023,CUST221,Male,39,Beauty,2,300,600,Adult,Normal,Medium,Premium
222,26-04-2023,CUST222,Male,51,Clothing,4,30,120,Senior,Bulk,Low,Regular
223,02-02-2023,CUST223,Female,64,Clothing,1,25,25,Senior,Normal,Low,Regular
224,23-06-2023,CUST224,Female,25,Clothing,1,50,50,Senior,Normal,Low,Regular
225,11-01-2023,CUST225,Female,57,Beauty,4,25,100,Adult,Bulk,Low,Regular
226,29-10-2023,CUST226,Female,61,Clothing,1,50,50,Senior,Normal,Low,Regular
227,11-10-2023,CUST227,Male,36,Electronics,2,50,100,Senior,Normal,Low,Regular
228,28-04-2023,CUST228,Female,59,Electronics,2,30,60,Adult,Normal,Low,Regular
229,29-10-2023,CUST229,Male,58,Beauty,3,30,90,Senior,Bulk,Low,Regular
230,23-04-2023,CUST230,Male,54,Beauty,1,25,25,Senior,Normal,Low,Regular
231,04-01-2023,CUST231,Female,23,Clothing,3,50,150,Adult,Bulk,Low,Regular
232,06-02-2023,CUST232,Female,43,Beauty,1,25,25,Senior,Normal,Low,Regular
233,29-12-2023,CUST233,Female,51,Beauty,2,300,600,Senior,Normal,Medium,Premium
234,20-11-2023,CUST234,Female,62,Electronics,2,25,50,Senior,Normal,Low,Regular
235,31-01-2023,CUST235,Female,23,Electronics,2,500,1000,Young,Normal,High,Premium
236,28-04-2023,CUST236,Female,54,Clothing,1,25,25,Adult,Normal,Low,Regular
237,04-02-2023,CUST237,Female,50,Beauty,2,500,1000,Senior,Normal,High,Premium
238,17-01-2023,CUST238,Female,39,Beauty,1,500,500,Senior,Normal,Medium,Premium
239,19-06-2023,CUST239,Male,38,Electronics,3,500,1500,Young,Bulk,High,Premium
240,06-02-2023,CUST240,Female,23,Beauty,1,300,300,Senior,Normal,Low,Premium
241,21-09-2023,CUST241,Female,23,Electronics,3,25,75,Senior,Bulk,Low,Regular
242,02-05-2023,CUST242,Male,21,Clothing,1,25,25,Adult,Normal,Low,Regular
243,23-05-2023,CUST243,Female,47,Electronics,3,300,900,Adult,Bulk,Medium,Premium
244,09-12-2023,CUST244,Male,28,Beauty,2,50,100,Young,Normal,Low,Regular
245,06-09-2023,CUST245,Male,47,Clothing,3,30,90,Young,Bulk,Low,Regular
246,20-04-2023,CUST246,Female,48,Electronics,2,25,50,Young,Normal,Low,Regular
247,04-10-2023,CUST247,Male,41,Electronics,2,30,60,Senior,Normal,Low,Regular
248,09-03-2023,CUST248,Male,26,Clothing,3,300,900,Adult,Bulk,Medium,Premium
249,20-10-2023,CUST249,Male,20,Clothing,1,50,50,Senior,Normal,Low,Regular
250,23-10-2023,CUST250,Male,48,Electronics,1,50,50,Senior,Normal,Low,Regular
251,31-08-2023,CUST251,Female,57,Beauty,4,50,200,Adult,Bulk,Low,Regular
252,05-05-2023,CUST252,Male,54,Electronics,1,300,300,Adult,Normal,Low,Premium
253,31-08-2023,CUST253,Female,53,Clothing,4,500,2000,Young,Bulk,High,Premium
254,28-07-2023,CUST254,Male,41,Electronics,1,500,500,Senior,Normal,Medium,Premium
255,08-04-2023,CUST255,Male,48,Clothing,1,30,30,Senior,Normal,Low,Regular
256,18-02-2023,CUST256,Male,23,Clothing,2,500,1000,Senior,Normal,High,Premium
257,19-02-2023,CUST257,Male,19,Beauty,4,500,2000,Senior,Bulk,High,Premium
258,04-12-2023,CUST258,Female,37,Clothing,1,50,50,Adult,Normal,Low,Regular
259,09-08-2023,CUST259,Female,45,Clothing,4,50,200,Senior,Bulk,Low,Regular
260,01-07-2023,CUST260,Male,28,Beauty,2,30,60,Young,Normal,Low,Regular
261,05-08-2023,CUST261,Male,21,Clothing,2,25,50,Young,Normal,Low,Regular
262,30-07-2023,CUST262,Female,32,Beauty,4,30,120,Adult,Bulk,Low,Regular
263,28-08-2023,CUST263,Male,23,Beauty,2,30,60,Senior,Normal,Low,Regular
264,28-01-2023,CUST264,Male,47,Clothing,3,300,900,Adult,Bulk,Medium,Premium
265,11-12-2023,CUST265,Male,55,Clothing,3,300,900,Young,Bulk,Medium,Premium
266,01-12-2023,CUST266,Female,19,Electronics,2,30,60,Adult,Normal,Low,Regular
267,27-11-2023,CUST267,Female,32,Beauty,3,30,90,Young,Bulk,Low,Regular
268,20-02-2023,CUST268,Female,28,Electronics,1,30,30,Senior,Normal,Low,Regular
269,01-02-2023,CUST269,Male,25,Clothing,4,500,2000,Senior,Bulk,High,Premium
270,26-07-2023,CUST270,Male,43,Electronics,1,300,300,Young,Normal,Low,Premium
271,23-06-2023,CUST271,Female,62,Beauty,4,30,120,Adult,Bulk,Low,Regular
272,25-02-2023,CUST272,Female,61,Electronics,2,50,100,Adult,Normal,Low,Regular
273,08-05-2023,CUST273,Female,22,Beauty,1,50,50,Adult,Normal,Low,Regular
274,09-04-2023,CUST274,Female,23,Clothing,2,500,1000,Adult,Normal,High,Premium
275,08-04-2023,CUST275,Male,43,Clothing,2,500,1000,Senior,Normal,High,Premium
276,02-10-2023,CUST276,Female,21,Beauty,4,25,100,Senior,Bulk,Low,Regular
277,18-08-2023,CUST277,Male,36,Clothing,4,25,100,Young,Bulk,Low,Regular
278,13-03-2023,CUST278,Female,37,Clothing,4,25,100,Young,Bulk,Low,Regular
279,05-08-2023,CUST279,Male,50,Clothing,1,500,500,Adult,Normal,Medium,Premium
280,04-04-2023,CUST280,Female,37,Clothing,3,500,1500,Young,Bulk,High,Premium
281,23-05-2023,CUST281,Female,29,Beauty,4,500,2000,Adult,Bulk,High,Premium
282,25-08-2023,CUST282,Female,64,Electronics,4,50,200,Adult,Bulk,Low,Regular
283,08-05-2023,CUST283,Female,18,Electronics,1,500,500,Senior,Normal,Medium,Premium
284,08-02-2023,CUST284,Male,43,Clothing,4,50,200,Adult,Bulk,Low,Regular
285,15-08-2023,CUST285,Female,31,Electronics,1,25,25,Adult,Normal,Low,Regular
286,09-10-2023,CUST286,Male,55,Electronics,2,25,50,Senior,Normal,Low,Regular
287,20-02-2023,CUST287,Male,54,Clothing,4,25,100,Young,Bulk,Low,Regular
288,26-01-2023,CUST288,Male,28,Clothing,4,30,120,Adult,Bulk,Low,Regular
289,30-11-2023,CUST289,Male,53,Electronics,2,30,60,Adult,Normal,Low,Regular
290,04-10-2023,CUST290,Female,30,Beauty,2,300,600,Senior,Normal,Medium,Premium
291,08-01-2023,CUST291,Male,60,Clothing,2,300,600,Senior,Normal,Medium,Premium
292,17-02-2023,CUST292,Male,20,Beauty,4,300,1200,Adult,Bulk,High,Premium
293,02-05-2023,CUST293,Male,50,Electronics,3,30,90,Senior,Bulk,Low,Regular
294,27-03-2023,CUST294,Female,23,Clothing,3,30,90,Adult,Bulk,Low,Regular
295,28-07-2023,CUST295,Female,27,Beauty,3,300,900,Senior,Bulk,Medium,Premium
296,06-09-2023,CUST296,Female,22,Clothing,4,300,1200,Young,Bulk,High,Premium
297,04-09-2023,CUST297,Female,40,Electronics,2,500,1000,Senior,Normal,High,Premium
298,20-04-2023,CUST298,Male,27,Beauty,4,300,1200,Young,Bulk,High,Premium
299,25-07-2023,CUST299,Male,61,Electronics,2,500,1000,Adult,Normal,High,Premium
300,31-01-2023,CUST300,Female,19,Electronics,4,50,200,Young,Bulk,Low,Regular
301,26-03-2023,CUST301,Male,30,Clothing,4,30,120,Adult,Bulk,Low,Regular
302,14-07-2023,CUST302,Male,57,Beauty,2,300,600,Adult,Normal,Medium,Premium
303,02-01-2023,CUST303,Male,19,Electronics,3,30,90,Senior,Bulk,Low,Regular
304,19-07-2023,CUST304,Female,37,Electronics,2,30,60,Young,Normal,Low,Regular
305,16-05-2023,CUST305,Female,18,Beauty,1,30,30,Adult,Normal,Low,Regular
306,21-08-2023,CUST306,Male,54,Electronics,1,50,50,Senior,Normal,Low,Regular
307,27-05-2023,CUST307,Female,26,Electronics,2,25,50,Young,Normal,Low,Regular
308,05-08-2023,CUST308,Female,34,Beauty,4,300,1200,Adult,Bulk,High,Premium
309,23-12-2023,CUST309,Female,26,Beauty,1,25,25,Young,Normal,Low,Regular
310,12-10-2023,CUST310,Female,28,Beauty,1,25,25,Senior,Normal,Low,Regular
311,05-12-2023,CUST311,Female,32,Beauty,4,25,100,Adult,Bulk,Low,Regular
312,07-09-2023,CUST312,Male,41,Clothing,4,30,120,Adult,Bulk,Low,Regular
313,21-03-2023,CUST313,Female,55,Beauty,3,500,1500,Adult,Bulk,High,Premium
314,08-04-2023,CUST314,Male,52,Clothing,4,30,120,Adult,Bulk,Low,Regular
315,01-06-2023,CUST315,Male,47,Clothing,2,30,60,Adult,Normal,Low,Regular
316,22-04-2023,CUST316,Female,48,Clothing,2,25,50,Adult,Normal,Low,Regular
317,30-01-2023,CUST317,Male,22,Electronics,3,30,90,Senior,Bulk,Low,Regular
318,24-10-2023,CUST318,Male,61,Clothing,1,25,25,Senior,Normal,Low,Regular
319,05-10-2023,CUST319,Male,31,Clothing,1,500,500,Senior,Normal,Medium,Premium
320,01-02-2023,CUST320,Female,28,Electronics,4,300,1200,Senior,Bulk,High,Premium
321,10-06-2023,CUST321,Female,26,Electronics,2,25,50,Young,Normal,Low,Regular
322,30-01-2023,CUST322,Male,51,Electronics,1,500,500,Senior,Normal,Medium,Premium
323,26-01-2023,CUST323,Female,29,Beauty,3,300,900,Adult,Bulk,Medium,Premium
324,27-10-2023,CUST324,Female,52,Electronics,3,50,150,Adult,Bulk,Low,Regular
325,02-09-2023,CUST325,Female,52,Electronics,2,25,50,Adult,Normal,Low,Regular
326,15-09-2023,CUST326,Female,18,Clothing,3,25,75,Senior,Bulk,Low,Regular
327,29-09-2023,CUST327,Male,57,Electronics,3,50,150,Adult,Bulk,Low,Regular
328,22-03-2023,CUST328,Male,39,Beauty,2,50,100,Senior,Normal,Low,Regular
329,30-01-2023,CUST329,Female,46,Electronics,4,25,100,Senior,Bulk,Low,Regular
330,18-09-2023,CUST330,Female,25,Beauty,4,50,200,Young,Bulk,Low,Regular
331,11-02-2023,CUST331,Male,28,Electronics,3,30,90,Senior,Bulk,Low,Regular
332,06-04-2023,CUST332,Male,58,Electronics,4,300,1200,Adult,Bulk,High,Premium
333,05-02-2023,CUST333,Female,54,Electronics,4,300,1200,Senior,Bulk,High,Premium
334,01-11-2023,CUST334,Male,31,Electronics,3,300,900,Adult,Bulk,Medium,Premium
335,04-02-2023,CUST335,Female,47,Beauty,4,30,120,Adult,Bulk,Low,Regular
336,12-12-2023,CUST336,Female,52,Beauty,3,50,150,Senior,Bulk,Low,Regular
337,01-05-2023,CUST337,Male,38,Clothing,1,500,500,Senior,Normal,Medium,Premium
338,26-07-2023,CUST338,Male,54,Beauty,2,50,100,Adult,Normal,Low,Regular
339,03-03-2023,CUST339,Female,22,Electronics,2,25,50,Senior,Normal,Low,Regular
340,19-10-2023,CUST340,Female,36,Clothing,4,300,1200,Senior,Bulk,High,Premium
341,07-05-2023,CUST341,Male,31,Clothing,4,50,200,Adult,Bulk,Low,Regular
342,24-10-2023,CUST342,Female,43,Clothing,4,500,2000,Senior,Bulk,High,Premium
343,01-11-2023,CUST343,Male,21,Electronics,2,25,50,Young,Normal,Low,Regular
344,21-01-2023,CUST344,Female,42,Beauty,1,30,30,Adult,Normal,Low,Regular
345,14-11-2023,CUST345,Male,62,Electronics,1,30,30,Adult,Normal,Low,Regular
346,11-02-2023,CUST346,Male,59,Clothing,2,500,1000,Adult,Normal,High,Premium
347,03-08-2023,CUST347,Male,42,Electronics,1,25,25,Young,Normal,Low,Regular
348,03-12-2023,CUST348,Female,35,Electronics,2,300,600,Adult,Normal,Medium,Premium
349,26-10-2023,CUST349,Female,57,Beauty,1,50,50,Senior,Normal,Low,Regular
350,17-10-2023,CUST350,Male,25,Beauty,3,25,75,Senior,Bulk,Low,Regular
351,25-09-2023,CUST351,Female,56,Clothing,3,30,90,Adult,Bulk,Low,Regular
352,11-06-2023,CUST352,Male,57,Electronics,2,500,1000,Adult,Normal,High,Premium
353,14-05-2023,CUST353,Male,31,Electronics,1,500,500,Senior,Normal,Medium,Premium
354,15-04-2023,CUST354,Female,49,Beauty,4,50,200,Adult,Bulk,Low,Regular
355,09-12-2023,CUST355,Female,55,Electronics,1,500,500,Senior,Normal,Medium,Premium
356,10-06-2023,CUST356,Male,50,Electronics,3,500,1500,Senior,Bulk,High,Premium
357,03-05-2023,CUST357,Female,40,Electronics,3,25,75,Adult,Bulk,Low,Regular
358,16-05-2023,CUST358,Female,32,Beauty,1,300,300,Senior,Normal,Low,Premium
359,22-07-2023,CUST359,Male,50,Clothing,1,50,50,Senior,Normal,Low,Regular
360,09-03-2023,CUST360,Male,42,Clothing,4,25,100,Senior,Bulk,Low,Regular
361,10-12-2023,CUST361,Female,34,Electronics,4,300,1200,Adult,Bulk,High,Premium
362,27-11-2023,CUST362,Male,50,Clothing,1,25,25,Adult,Normal,Low,Regular
363,03-06-2023,CUST363,Male,64,Beauty,1,25,25,Senior,Normal,Low,Regular
364,23-08-2023,CUST364,Female,19,Beauty,1,500,500,Adult,Normal,Medium,Premium
365,11-06-2023,CUST365,Male,31,Clothing,1,300,300,Adult,Normal,Low,Premium
366,07-02-2023,CUST366,Male,57,Clothing,2,50,100,Senior,Normal,Low,Regular
367,05-01-2023,CUST367,Female,57,Electronics,1,50,50,Senior,Normal,Low,Regular
368,23-08-2023,CUST368,Female,56,Clothing,4,300,1200,Young,Bulk,High,Premium
369,15-11-2023,CUST369,Male,23,Electronics,3,500,1500,Adult,Bulk,High,Premium
370,16-10-2023,CUST370,Male,23,Electronics,2,30,60,Senior,Normal,Low,Regular
371,21-02-2023,CUST371,Female,20,Beauty,1,25,25,Senior,Normal,Low,Regular
372,07-02-2023,CUST372,Female,24,Beauty,3,500,1500,Senior,Bulk,High,Premium
373,03-10-2023,CUST373,Female,25,Beauty,2,300,600,Young,Normal,Medium,Premium
374,20-04-2023,CUST374,Female,59,Beauty,3,25,75,Young,Bulk,Low,Regular
375,17-09-2023,CUST375,Male,32,Clothing,1,50,50,Young,Normal,Low,Regular
376,16-05-2023,CUST376,Female,64,Beauty,1,30,30,Young,Normal,Low,Regular
377,09-03-2023,CUST377,Female,46,Clothing,4,50,200,Adult,Bulk,Low,Regular
378,28-06-2023,CUST378,Male,50,Beauty,1,300,300,Senior,Normal,Low,Premium
379,05-02-2023,CUST379,Female,47,Clothing,1,25,25,Adult,Normal,Low,Regular
380,06-05-2023,CUST380,Male,56,Electronics,2,300,600,Senior,Normal,Medium,Premium
381,09-07-2023,CUST381,Female,44,Clothing,4,25,100,Senior,Bulk,Low,Regular
382,26-05-2023,CUST382,Female,53,Clothing,2,500,1000,Senior,Normal,High,Premium
383,22-03-2023,CUST383,Female,46,Beauty,3,30,90,Senior,Bulk,Low,Regular
384,13-08-2023,CUST384,Male,55,Clothing,1,500,500,Senior,Normal,Medium,Premium
385,06-10-2023,CUST385,Male,50,Electronics,3,500,1500,Adult,Bulk,High,Premium
386,27-12-2023,CUST386,Female,54,Electronics,2,300,600,Senior,Normal,Medium,Premium
387,04-06-2023,CUST387,Male,44,Beauty,1,30,30,Senior,Normal,Low,Regular
388,10-11-2023,CUST388,Male,50,Electronics,1,25,25,Senior,Normal,Low,Regular
389,01-12-2023,CUST389,Male,21,Clothing,2,25,50,Senior,Normal,Low,Regular
390,28-09-2023,CUST390,Male,39,Electronics,2,50,100,Senior,Normal,Low,Regular
391,05-01-2023,CUST391,Male,19,Beauty,2,25,50,Adult,Normal,Low,Regular
392,08-12-2023,CUST392,Male,27,Clothing,2,300,600,Senior,Normal,Medium,Premium
393,11-10-2023,CUST393,Female,22,Beauty,2,500,1000,Young,Normal,High,Premium
394,03-06-2023,CUST394,Female,27,Clothing,1,500,500,Adult,Normal,Medium,Premium
395,06-12-2023,CUST395,Male,50,Electronics,2,500,1000,Young,Normal,High,Premium
396,23-02-2023,CUST396,Female,55,Beauty,1,30,30,Adult,Normal,Low,Regular
397,10-03-2023,CUST397,Female,30,Beauty,1,25,25,Young,Normal,Low,Regular
398,16-05-2023,CUST398,Female,48,Clothing,2,300,600,Adult,Normal,Medium,Premium
399,01-03-2023,CUST399,Female,64,Beauty,2,30,60,Senior,Normal,Low,Regular
400,24-02-2023,CUST400,Male,53,Clothing,4,50,200,Senior,Bulk,Low,Regular
401,11-10-2023,CUST401,Female,62,Clothing,1,300,300,Adult,Normal,Low,Premium
402,21-03-2023,CUST402,Female,41,Clothing,2,300,600,Senior,Normal,Medium,Premium
403,20-05-2023,CUST403,Male,32,Clothing,2,300,600,Senior,Normal,Medium,Premium
404,25-05-2023,CUST404,Male,46,Electronics,2,500,1000,Senior,Normal,High,Premium
405,06-11-2023,CUST405,Female,25,Clothing,4,300,1200,Senior,Bulk,High,Premium
406,18-04-2023,CUST406,Female,22,Beauty,4,25,100,Adult,Bulk,Low,Regular
407,25-06-2023,CUST407,Female,46,Electronics,3,300,900,Adult,Bulk,Medium,Premium
408,15-04-2023,CUST408,Female,64,Beauty,1,500,500,Senior,Normal,Medium,Premium
409,18-12-2023,CUST409,Female,21,Electronics,3,300,900,Adult,Bulk,Medium,Premium
410,21-11-2023,CUST410,Female,29,Clothing,2,50,100,Young,Normal,Low,Regular
411,16-05-2023,CUST411,Male,62,Electronics,4,50,200,Senior,Bulk,Low,Regular
412,16-09-2023,CUST412,Female,19,Electronics,4,500,2000,Senior,Bulk,High,Premium
413,08-09-2023,CUST413,Female,44,Beauty,3,25,75,Young,Bulk,Low,Regular
414,09-05-2023,CUST414,Male,48,Beauty,4,25,100,Adult,Bulk,Low,Regular
415,27-01-2023,CUST415,Male,53,Clothing,2,30,60,Senior,Normal,Low,Regular
416,17-02-2023,CUST416,Male,53,Electronics,4,500,2000,Young,Bulk,High,Premium
417,21-11-2023,CUST417,Male,43,Electronics,3,300,900,Adult,Bulk,Medium,Premium
418,05-08-2023,CUST418,Female,60,Electronics,2,500,1000,Senior,Normal,High,Premium
419,22-05-2023,CUST419,Female,44,Clothing,3,30,90,Senior,Bulk,Low,Regular
420,23-01-2023,CUST420,Female,22,Clothing,4,500,2000,Senior,Bulk,High,Premium
421,02-01-2023,CUST421,Female,37,Clothing,3,500,1500,Adult,Bulk,High,Premium
422,20-06-2023,CUST422,Female,28,Clothing,3,30,90,Senior,Bulk,Low,Regular
423,08-03-2023,CUST423,Female,27,Clothing,1,25,25,Adult,Normal,Low,Regular
424,23-11-2023,CUST424,Male,57,Beauty,4,300,1200,Young,Bulk,High,Premium
425,15-05-2023,CUST425,Female,55,Electronics,4,30,120,Adult,Bulk,Low,Regular
426,24-03-2023,CUST426,Male,23,Electronics,3,50,150,Adult,Bulk,Low,Regular
427,15-08-2023,CUST427,Male,25,Electronics,1,25,25,Adult,Normal,Low,Regular
428,10-10-2023,CUST428,Female,40,Electronics,4,50,200,Senior,Bulk,Low,Regular
429,28-12-2023,CUST429,Male,64,Electronics,2,25,50,Senior,Normal,Low,Regular
430,07-08-2023,CUST430,Female,43,Electronics,3,300,900,Young,Bulk,Medium,Premium
431,15-10-2023,CUST431,Male,63,Electronics,4,300,1200,Adult,Bulk,High,Premium
432,05-01-2023,CUST432,Female,60,Electronics,2,500,1000,Adult,Normal,High,Premium
433,27-02-2023,CUST433,Male,29,Beauty,4,50,200,Senior,Bulk,Low,Regular
434,08-02-2023,CUST434,Female,43,Electronics,2,25,50,Adult,Normal,Low,Regular
435,20-12-2023,CUST435,Female,30,Beauty,3,300,900,Senior,Bulk,Medium,Premium
436,18-03-2023,CUST436,Female,57,Clothing,4,30,120,Senior,Bulk,Low,Regular
437,07-10-2023,CUST437,Female,35,Electronics,4,300,1200,Adult,Bulk,High,Premium
438,19-01-2023,CUST438,Female,42,Clothing,1,30,30,Adult,Normal,Low,Regular
439,09-07-2023,CUST439,Male,50,Clothing,3,25,75,Adult,Bulk,Low,Regular
440,26-10-2023,CUST440,Male,64,Clothing,2,300,600,Senior,Normal,Medium,Premium
441,10-10-2023,CUST441,Male,57,Beauty,4,300,1200,Adult,Bulk,High,Premium
442,17-03-2023,CUST442,Female,60,Clothing,4,25,100,Adult,Bulk,Low,Regular
443,09-08-2023,CUST443,Male,29,Clothing,2,300,600,Senior,Normal,Medium,Premium
444,07-03-2023,CUST444,Female,61,Clothing,3,30,90,Senior,Bulk,Low,Regular
445,22-01-2023,CUST445,Female,53,Electronics,1,300,300,Senior,Normal,Low,Premium
446,07-06-2023,CUST446,Male,21,Electronics,1,50,50,Senior,Normal,Low,Regular
447,06-07-2023,CUST447,Male,22,Beauty,4,500,2000,Adult,Bulk,High,Premium
448,21-01-2023,CUST448,Female,54,Beauty,2,30,60,Senior,Normal,Low,Regular
449,03-07-2023,CUST449,Male,25,Electronics,4,50,200,Senior,Bulk,Low,Regular
450,18-04-2023,CUST450,Female,59,Beauty,2,25,50,Young,Normal,Low,Regular
451,16-12-2023,CUST451,Female,45,Electronics,1,30,30,Young,Normal,Low,Regular
452,08-05-2023,CUST452,Female,48,Clothing,3,500,1500,Senior,Bulk,High,Premium
453,08-12-2023,CUST453,Female,26,Clothing,2,500,1000,Adult,Normal,High,Premium
454,22-02-2023,CUST454,Female,46,Beauty,1,25,25,Senior,Normal,Low,Regular
455,01-07-2023,CUST455,Male,31,Electronics,4,25,100,Senior,Bulk,Low,Regular
456,14-10-2023,CUST456,Male,57,Electronics,2,30,60,Senior,Normal,Low,Regular
457,28-07-2023,CUST457,Female,58,Beauty,3,300,900,Adult,Bulk,Medium,Premium
458,14-11-2023,CUST458,Female,39,Electronics,4,25,100,Senior,Bulk,Low,Regular
459,21-03-2023,CUST459,Male,28,Clothing,4,300,1200,Adult,Bulk,High,Premium
460,02-05-2023,CUST460,Male,40,Beauty,1,50,50,Senior,Normal,Low,Regular
461,25-03-2023,CUST461,Female,18,Beauty,2,500,1000,Senior,Normal,High,Premium
462,01-04-2023,CUST462,Male,63,Electronics,4,300,1200,Adult,Bulk,High,Premium
463,31-07-2023,CUST463,Female,54,Beauty,3,500,1500,Adult,Bulk,High,Premium
464,13-01-2023,CUST464,Male,38,Electronics,2,300,600,Adult,Normal,Medium,Premium
465,02-04-2023,CUST465,Female,43,Electronics,3,50,150,Young,Bulk,Low,Regular
466,20-06-2023,CUST466,Male,63,Electronics,4,25,100,Senior,Bulk,Low,Regular
467,30-07-2023,CUST467,Female,53,Electronics,3,50,150,Senior,Bulk,Low,Regular
468,09-12-2023,CUST468,Male,40,Electronics,1,25,25,Adult,Normal,Low,Regular
469,08-05-2023,CUST469,Male,18,Beauty,3,25,75,Adult,Bulk,Low,Regular
470,17-05-2023,CUST470,Female,57,Clothing,2,500,1000,Senior,Normal,High,Premium
471,23-03-2023,CUST471,Male,32,Clothing,3,50,150,Senior,Bulk,Low,Regular
472,26-12-2023,CUST472,Female,38,Beauty,3,300,900,Adult,Bulk,Medium,Premium
473,25-02-2023,CUST473,Male,64,Beauty,1,50,50,Young,Normal,Low,Regular
474,15-07-2023,CUST474,Female,26,Clothing,3,500,1500,Senior,Bulk,High,Premium
475,20-01-2023,CUST475,Male,26,Clothing,3,25,75,Adult,Bulk,Low,Regular
476,29-08-2023,CUST476,Female,27,Clothing,4,500,2000,Adult,Bulk,High,Premium
477,24-04-2023,CUST477,Male,43,Clothing,4,30,120,Senior,Bulk,Low,Regular
478,13-04-2023,CUST478,Female,58,Clothing,2,30,60,Adult,Normal,Low,Regular
479,24-08-2023,CUST479,Male,52,Electronics,4,300,1200,Adult,Bulk,High,Premium
480,29-06-2023,CUST480,Female,42,Beauty,4,500,2000,Adult,Bulk,High,Premium
481,06-06-2023,CUST481,Female,43,Electronics,4,300,1200,Adult,Bulk,High,Premium
482,27-04-2023,CUST482,Female,28,Clothing,4,300,1200,Senior,Bulk,High,Premium
483,25-04-2023,CUST483,Male,55,Clothing,1,30,30,Senior,Normal,Low,Regular
484,13-01-2023,CUST484,Female,19,Clothing,4,300,1200,Adult,Bulk,High,Premium
485,04-12-2023,CUST485,Male,24,Electronics,1,30,30,Adult,Normal,Low,Regular
486,09-04-2023,CUST486,Female,35,Electronics,1,25,25,Adult,Normal,Low,Regular
487,24-07-2023,CUST487,Male,44,Clothing,4,500,2000,Senior,Bulk,High,Premium
488,18-06-2023,CUST488,Female,51,Electronics,3,300,900,Young,Bulk,Medium,Premium
489,23-05-2023,CUST489,Male,44,Electronics,1,30,30,Young,Normal,Low,Regular
490,05-02-2023,CUST490,Male,34,Clothing,3,50,150,Adult,Bulk,Low,Regular
491,23-05-2023,CUST491,Female,60,Electronics,3,300,900,Adult,Bulk,Medium,Premium
492,29-06-2023,CUST492,Male,61,Beauty,4,25,100,Senior,Bulk,Low,Regular
493,25-11-2023,CUST493,Male,41,Beauty,2,25,50,Adult,Normal,Low,Regular
494,18-09-2023,CUST494,Female,42,Beauty,4,50,200,Adult,Bulk,Low,Regular
495,24-07-2023,CUST495,Male,24,Beauty,2,30,60,Senior,Normal,Low,Regular
496,14-12-2023,CUST496,Male,23,Clothing,2,300,600,Senior,Normal,Medium,Premium
497,02-10-2023,CUST497,Male,41,Clothing,4,30,120,Adult,Bulk,Low,Regular
498,19-06-2023,CUST498,Female,50,Clothing,4,25,100,Adult,Bulk,Low,Regular
499,15-01-2023,CUST499,Male,46,Beauty,2,30,60,Young,Normal,Low,Regular
500,01-03-2023,CUST500,Female,60,Beauty,4,25,100,Young,Bulk,Low,Regular
501,14-05-2023,CUST501,Male,39,Electronics,2,30,60,Adult,Normal,Low,Regular
502,02-04-2023,CUST502,Male,43,Electronics,3,50,150,Senior,Bulk,Low,Regular
503,25-10-2023,CUST503,Male,45,Beauty,4,500,2000,Senior,Bulk,High,Premium
504,16-05-2023,CUST504,Female,38,Beauty,3,50,150,Senior,Bulk,Low,Regular
505,20-01-2023,CUST505,Male,24,Beauty,1,50,50,Adult,Normal,Low,Regular
506,25-02-2023,CUST506,Male,34,Beauty,3,500,1500,Adult,Bulk,High,Premium
507,02-11-2023,CUST507,Female,37,Electronics,3,500,1500,Senior,Bulk,High,Premium
508,11-08-2023,CUST508,Male,58,Beauty,2,300,600,Adult,Normal,Medium,Premium
509,26-06-2023,CUST509,Female,37,Electronics,3,300,900,Young,Bulk,Medium,Premium
510,10-06-2023,CUST510,Female,39,Beauty,4,50,200,Adult,Bulk,Low,Regular
511,12-08-2023,CUST511,Male,45,Beauty,2,50,100,Adult,Normal,Low,Regular
512,07-11-2023,CUST512,Female,57,Beauty,1,25,25,Senior,Normal,Low,Regular
513,19-09-2023,CUST513,Male,24,Electronics,4,25,100,Adult,Bulk,Low,Regular
514,01-03-2023,CUST514,Female,18,Electronics,1,300,300,Adult,Normal,Low,Premium
515,17-07-2023,CUST515,Female,49,Clothing,3,300,900,Senior,Bulk,Medium,Premium
516,23-10-2023,CUST516,Male,30,Beauty,4,25,100,Senior,Bulk,Low,Regular
517,08-04-2023,CUST517,Female,47,Clothing,4,25,100,Young,Bulk,Low,Regular
518,11-05-2023,CUST518,Female,40,Clothing,1,30,30,Young,Normal,Low,Regular
519,23-01-2023,CUST519,Female,36,Electronics,4,30,120,Senior,Bulk,Low,Regular
520,29-12-2023,CUST520,Female,49,Electronics,4,25,100,Adult,Bulk,Low,Regular
521,12-08-2023,CUST521,Female,47,Clothing,4,30,120,Senior,Bulk,Low,Regular
522,01-01-2023,CUST522,Male,46,Beauty,3,500,1500,Adult,Bulk,High,Premium
523,24-09-2023,CUST523,Female,62,Electronics,1,300,300,Adult,Normal,Low,Premium
524,03-10-2023,CUST524,Male,46,Beauty,4,300,1200,Senior,Bulk,High,Premium
525,18-12-2023,CUST525,Female,47,Beauty,2,25,50,Senior,Normal,Low,Regular
526,10-12-2023,CUST526,Male,33,Clothing,2,50,100,Senior,Normal,Low,Regular
527,11-04-2023,CUST527,Male,57,Clothing,2,25,50,Senior,Normal,Low,Regular
528,06-07-2023,CUST528,Female,36,Clothing,2,30,60,Senior,Normal,Low,Regular
529,09-08-2023,CUST529,Female,35,Clothing,3,50,150,Senior,Bulk,Low,Regular
530,05-02-2023,CUST530,Female,18,Electronics,4,30,120,Adult,Bulk,Low,Regular
531,07-12-2023,CUST531,Male,31,Electronics,1,500,500,Senior,Normal,Medium,Premium
532,19-06-2023,CUST532,Female,64,Clothing,4,30,120,Adult,Bulk,Low,Regular
533,16-11-2023,CUST533,Male,19,Electronics,3,500,1500,Adult,Bulk,High,Premium
534,10-06-2023,CUST534,Male,45,Clothing,2,500,1000,Young,Normal,High,Premium
535,06-12-2023,CUST535,Male,47,Beauty,3,30,90,Adult,Bulk,Low,Regular
536,05-03-2023,CUST536,Female,55,Beauty,4,30,120,Senior,Bulk,Low,Regular
537,03-06-2023,CUST537,Female,21,Beauty,1,500,500,Young,Normal,Medium,Premium
538,17-09-2023,CUST538,Male,18,Clothing,3,50,150,Senior,Bulk,Low,Regular
539,08-06-2023,CUST539,Male,25,Beauty,1,500,500,Senior,Normal,Medium,Premium
540,08-12-2023,CUST540,Female,46,Electronics,3,300,900,Senior,Bulk,Medium,Premium
541,29-07-2023,CUST541,Male,56,Beauty,1,500,500,Young,Normal,Medium,Premium
542,17-06-2023,CUST542,Female,20,Beauty,1,50,50,Young,Normal,Low,Regular
543,26-07-2023,CUST543,Male,49,Beauty,2,300,600,Adult,Normal,Medium,Premium
544,23-12-2023,CUST544,Female,27,Electronics,1,25,25,Senior,Normal,Low,Regular
545,01-06-2023,CUST545,Male,27,Clothing,2,25,50,Senior,Normal,Low,Regular
546,11-10-2023,CUST546,Female,36,Electronics,4,50,200,Young,Bulk,Low,Regular
547,07-03-2023,CUST547,Male,63,Clothing,4,500,2000,Senior,Bulk,High,Premium
548,09-04-2023,CUST548,Female,51,Clothing,2,30,60,Adult,Normal,Low,Regular
549,04-08-2023,CUST549,Female,50,Beauty,2,50,100,Adult,Normal,Low,Regular
550,07-12-2023,CUST550,Male,40,Clothing,3,300,900,Adult,Bulk,Medium,Premium
551,14-07-2023,CUST551,Male,45,Electronics,3,300,900,Senior,Bulk,Medium,Premium
552,13-12-2023,CUST552,Female,49,Electronics,3,25,75,Senior,Bulk,Low,Regular
553,31-03-2023,CUST553,Male,24,Clothing,4,300,1200,Senior,Bulk,High,Premium
554,12-11-2023,CUST554,Female,46,Beauty,3,50,150,Adult,Bulk,Low,Regular
555,19-10-2023,CUST555,Male,25,Beauty,1,300,300,Senior,Normal,Low,Premium
556,04-06-2023,CUST556,Female,18,Electronics,1,50,50,Senior,Normal,Low,Regular
557,27-07-2023,CUST557,Female,20,Beauty,3,30,90,Young,Bulk,Low,Regular
558,08-10-2023,CUST558,Female,41,Clothing,1,25,25,Senior,Normal,Low,Regular
559,01-01-2023,CUST559,Female,40,Clothing,4,300,1200,Adult,Bulk,High,Premium
560,05-06-2023,CUST560,Female,25,Electronics,1,50,50,Young,Normal,Low,Regular
561,27-05-2023,CUST561,Female,64,Clothing,4,500,2000,Young,Bulk,High,Premium
562,18-04-2023,CUST562,Male,54,Electronics,2,25,50,Adult,Normal,Low,Regular
563,09-08-2023,CUST563,Male,20,Clothing,2,30,60,Adult,Normal,Low,Regular
564,24-10-2023,CUST564,Male,50,Electronics,2,50,100,Adult,Normal,Low,Regular
565,07-11-2023,CUST565,Female,45,Beauty,2,30,60,Senior,Normal,Low,Regular
566,02-12-2023,CUST566,Female,64,Clothing,1,30,30,Senior,Normal,Low,Regular
567,14-06-2023,CUST567,Female,25,Clothing,3,300,900,Young,Bulk,Medium,Premium
568,27-08-2023,CUST568,Female,51,Electronics,1,300,300,Senior,Normal,Low,Premium
569,15-08-2023,CUST569,Male,52,Electronics,4,50,200,Senior,Bulk,Low,Regular
570,15-08-2023,CUST570,Male,49,Clothing,1,500,500,Senior,Normal,Medium,Premium
571,12-12-2023,CUST571,Female,41,Electronics,1,50,50,Adult,Normal,Low,Regular
572,20-04-2023,CUST572,Male,31,Clothing,4,500,2000,Senior,Bulk,High,Premium
573,19-09-2023,CUST573,Male,49,Beauty,2,30,60,Senior,Normal,Low,Regular
574,31-08-2023,CUST574,Female,63,Electronics,2,25,50,Senior,Normal,Low,Regular
575,28-03-2023,CUST575,Male,60,Clothing,2,50,100,Adult,Normal,Low,Regular
576,04-12-2023,CUST576,Female,33,Beauty,3,50,150,Adult,Bulk,Low,Regular
577,13-02-2023,CUST577,Male,21,Beauty,4,500,2000,Senior,Bulk,High,Premium
578,26-05-2023,CUST578,Female,54,Clothing,4,30,120,Senior,Bulk,Low,Regular
579,21-09-2023,CUST579,Female,38,Electronics,1,30,30,Senior,Normal,Low,Regular
580,06-12-2023,CUST580,Female,31,Clothing,3,500,1500,Adult,Bulk,High,Premium
581,21-11-2023,CUST581,Female,48,Beauty,2,30,60,Young,Normal,Low,Regular
582,14-11-2023,CUST582,Male,35,Clothing,3,300,900,Senior,Bulk,Medium,Premium
583,21-06-2023,CUST583,Female,24,Electronics,4,25,100,Adult,Bulk,Low,Regular
584,17-02-2023,CUST584,Female,27,Beauty,4,50,200,Adult,Bulk,Low,Regular
585,01-05-2023,CUST585,Female,24,Clothing,1,25,25,Senior,Normal,Low,Regular
586,11-12-2023,CUST586,Male,50,Electronics,1,50,50,Adult,Normal,Low,Regular
587,08-06-2023,CUST587,Female,40,Beauty,4,300,1200,Young,Bulk,High,Premium
588,26-04-2023,CUST588,Male,38,Electronics,2,30,60,Adult,Normal,Low,Regular
589,12-04-2023,CUST589,Female,36,Beauty,2,500,1000,Young,Normal,High,Premium
590,17-03-2023,CUST590,Male,36,Clothing,3,300,900,Senior,Bulk,Medium,Premium
591,13-01-2023,CUST591,Male,53,Electronics,4,25,100,Adult,Bulk,Low,Regular
592,24-01-2023,CUST592,Female,46,Beauty,4,500,2000,Adult,Bulk,High,Premium
593,06-05-2023,CUST593,Male,35,Electronics,2,30,60,Adult,Normal,Low,Regular
594,01-09-2023,CUST594,Female,19,Electronics,2,300,600,Adult,Normal,Medium,Premium
595,09-11-2023,CUST595,Female,18,Clothing,4,500,2000,Senior,Bulk,High,Premium
596,07-02-2023,CUST596,Female,64,Electronics,1,300,300,Senior,Normal,Low,Premium
597,22-08-2023,CUST597,Male,22,Beauty,4,300,1200,Adult,Bulk,High,Premium
598,01-08-2023,CUST598,Male,37,Beauty,4,30,120,Young,Bulk,Low,Regular
599,19-11-2023,CUST599,Female,28,Beauty,2,50,100,Young,Normal,Low,Regular
600,22-10-2023,CUST600,Female,59,Beauty,2,500,1000,Senior,Normal,High,Premium
601,10-04-2023,CUST601,Male,19,Clothing,1,30,30,Young,Normal,Low,Regular
602,23-12-2023,CUST602,Female,20,Electronics,1,300,300,Adult,Normal,Low,Premium
603,16-07-2023,CUST603,Female,40,Clothing,3,30,90,Adult,Bulk,Low,Regular
604,11-09-2023,CUST604,Female,29,Electronics,4,50,200,Senior,Bulk,Low,Regular
605,24-07-2023,CUST605,Male,37,Electronics,2,500,1000,Young,Normal,High,Premium
606,05-05-2023,CUST606,Male,22,Electronics,1,50,50,Young,Normal,Low,Regular
607,17-03-2023,CUST607,Male,54,Clothing,3,25,75,Adult,Bulk,Low,Regular
608,02-12-2023,CUST608,Female,55,Electronics,3,500,1500,Adult,Bulk,High,Premium
609,19-12-2023,CUST609,Female,47,Clothing,2,50,100,Adult,Normal,Low,Regular
610,03-01-2023,CUST610,Female,26,Beauty,2,300,600,Young,Normal,Medium,Premium
611,24-02-2023,CUST611,Male,51,Beauty,3,500,1500,Senior,Bulk,High,Premium
612,06-08-2023,CUST612,Female,61,Electronics,1,500,500,Senior,Normal,Medium,Premium
613,23-04-2023,CUST613,Female,52,Clothing,3,30,90,Senior,Bulk,Low,Regular
614,01-04-2023,CUST614,Female,39,Beauty,4,300,1200,Adult,Bulk,High,Premium
615,23-12-2023,CUST615,Female,61,Clothing,4,25,100,Senior,Bulk,Low,Regular
616,23-09-2023,CUST616,Male,41,Clothing,2,50,100,Senior,Normal,Low,Regular
617,26-08-2023,CUST617,Male,34,Electronics,1,30,30,Senior,Normal,Low,Regular
618,26-01-2023,CUST618,Female,27,Beauty,1,50,50,Adult,Normal,Low,Regular
619,13-10-2023,CUST619,Male,47,Electronics,4,25,100,Senior,Bulk,Low,Regular
620,08-05-2023,CUST620,Male,63,Electronics,3,25,75,Adult,Bulk,Low,Regular
621,04-03-2023,CUST621,Female,40,Beauty,2,500,1000,Adult,Normal,High,Premium
622,22-08-2023,CUST622,Female,49,Beauty,3,25,75,Adult,Bulk,Low,Regular
623,10-03-2023,CUST623,Male,34,Clothing,3,50,150,Senior,Bulk,Low,Regular
624,26-08-2023,CUST624,Female,34,Beauty,3,300,900,Senior,Bulk,Medium,Premium
625,08-12-2023,CUST625,Male,31,Clothing,1,300,300,Adult,Normal,Low,Premium
626,29-09-2023,CUST626,Female,26,Clothing,4,500,2000,Senior,Bulk,High,Premium
627,14-10-2023,CUST627,Male,57,Clothing,1,50,50,Adult,Normal,Low,Regular
628,01-11-2023,CUST628,Female,19,Beauty,4,50,200,Adult,Bulk,Low,Regular
629,12-06-2023,CUST629,Male,62,Electronics,2,25,50,Adult,Normal,Low,Regular
630,15-08-2023,CUST630,Male,42,Clothing,2,50,100,Adult,Normal,Low,Regular
631,10-11-2023,CUST631,Male,56,Electronics,3,30,90,Senior,Bulk,Low,Regular
632,16-09-2023,CUST632,Female,26,Electronics,4,25,100,Young,Bulk,Low,Regular
633,07-08-2023,CUST633,Male,39,Beauty,4,30,120,Senior,Bulk,Low,Regular
634,08-10-2023,CUST634,Male,60,Electronics,4,500,2000,Adult,Bulk,High,Premium
635,17-08-2023,CUST635,Female,63,Electronics,3,300,900,Senior,Bulk,Medium,Premium
636,23-03-2023,CUST636,Female,21,Beauty,3,500,1500,Adult,Bulk,High,Premium
637,01-09-2023,CUST637,Male,43,Clothing,2,300,600,Adult,Normal,Medium,Premium
638,19-08-2023,CUST638,Male,46,Electronics,1,500,500,Senior,Normal,Medium,Premium
639,13-05-2023,CUST639,Female,62,Beauty,4,50,200,Senior,Bulk,Low,Regular
640,07-05-2023,CUST640,Female,51,Electronics,4,30,120,Young,Bulk,Low,Regular
641,23-11-2023,CUST641,Female,40,Electronics,1,300,300,Adult,Normal,Low,Premium
642,22-05-2023,CUST642,Female,54,Clothing,4,25,100,Senior,Bulk,Low,Regular
643,24-09-2023,CUST643,Female,28,Electronics,3,30,90,Senior,Bulk,Low,Regular
644,06-09-2023,CUST644,Male,23,Beauty,3,25,75,Senior,Bulk,Low,Regular
645,17-11-2023,CUST645,Female,35,Electronics,4,30,120,Adult,Bulk,Low,Regular
646,03-05-2023,CUST646,Male,38,Clothing,3,30,90,Senior,Bulk,Low,Regular
647,21-05-2023,CUST647,Male,59,Clothing,3,500,1500,Adult,Bulk,High,Premium
648,14-08-2023,CUST648,Male,53,Beauty,4,300,1200,Young,Bulk,High,Premium
649,09-02-2023,CUST649,Female,58,Clothing,2,300,600,Adult,Normal,Medium,Premium
650,01-01-2024,CUST650,Male,55,Electronics,1,30,30,Adult,Normal,Low,Regular
651,27-05-2023,CUST651,Male,51,Clothing,3,50,150,Senior,Bulk,Low,Regular
652,01-05-2023,CUST652,Female,34,Beauty,2,50,100,Senior,Normal,Low,Regular
653,20-05-2023,CUST653,Male,54,Clothing,3,25,75,Senior,Bulk,Low,Regular
654,21-06-2023,CUST654,Male,42,Clothing,3,25,75,Senior,Bulk,Low,Regular
655,13-06-2023,CUST655,Female,55,Clothing,1,500,500,Senior,Normal,Medium,Premium
656,04-10-2023,CUST656,Male,29,Beauty,3,30,90,Adult,Bulk,Low,Regular
657,11-02-2023,CUST657,Male,40,Clothing,1,25,25,Senior,Normal,Low,Regular
658,12-03-2023,CUST658,Male,59,Clothing,1,25,25,Adult,Normal,Low,Regular
659,19-03-2023,CUST659,Female,39,Electronics,1,30,30,Senior,Normal,Low,Regular
660,29-04-2023,CUST660,Female,38,Beauty,2,500,1000,Adult,Normal,High,Premium
661,16-07-2023,CUST661,Female,44,Clothing,4,25,100,Adult,Bulk,Low,Regular
662,22-12-2023,CUST662,Male,48,Beauty,2,500,1000,Senior,Normal,High,Premium
663,20-03-2023,CUST663,Male,23,Clothing,4,300,1200,Adult,Bulk,High,Premium
664,28-12-2023,CUST664,Female,44,Clothing,4,500,2000,Adult,Bulk,High,Premium
665,20-04-2023,CUST665,Male,57,Clothing,1,50,50,Adult,Normal,Low,Regular
666,02-02-2023,CUST666,Male,51,Electronics,3,50,150,Senior,Bulk,Low,Regular
667,01-08-2023,CUST667,Female,29,Electronics,1,500,500,Young,Normal,Medium,Premium
668,28-07-2023,CUST668,Female,62,Electronics,3,50,150,Adult,Bulk,Low,Regular
669,19-06-2023,CUST669,Male,24,Beauty,4,300,1200,Senior,Bulk,High,Premium
670,05-10-2023,CUST670,Male,27,Beauty,1,30,30,Senior,Normal,Low,Regular
671,27-08-2023,CUST671,Male,62,Electronics,3,50,150,Adult,Bulk,Low,Regular
672,01-08-2023,CUST672,Female,34,Beauty,2,50,100,Senior,Normal,Low,Regular
673,01-02-2023,CUST673,Female,43,Clothing,3,500,1500,Young,Bulk,High,Premium
674,16-04-2023,CUST674,Female,38,Clothing,1,300,300,Adult,Normal,Low,Premium
675,04-08-2023,CUST675,Female,45,Clothing,2,30,60,Senior,Normal,Low,Regular
676,19-07-2023,CUST676,Male,63,Electronics,3,500,1500,Adult,Bulk,High,Premium
677,27-10-2023,CUST677,Female,19,Beauty,3,500,1500,Adult,Bulk,High,Premium
678,23-12-2023,CUST678,Female,60,Electronics,3,300,900,Adult,Bulk,Medium,Premium
679,11-01-2023,CUST679,Female,18,Beauty,3,30,90,Senior,Bulk,Low,Regular
680,22-10-2023,CUST680,Female,53,Clothing,3,300,900,Senior,Bulk,Medium,Premium
681,14-07-2023,CUST681,Female,43,Electronics,2,30,60,Young,Normal,Low,Regular
682,02-09-2023,CUST682,Male,46,Beauty,4,300,1200,Senior,Bulk,High,Premium
683,04-01-2023,CUST683,Male,38,Beauty,2,500,1000,Young,Normal,High,Premium
684,30-06-2023,CUST684,Female,28,Clothing,2,500,1000,Senior,Normal,High,Premium
685,02-06-2023,CUST685,Male,57,Electronics,2,25,50,Adult,Normal,Low,Regular
686,19-07-2023,CUST686,Female,28,Electronics,4,50,200,Senior,Bulk,Low,Regular
687,03-08-2023,CUST687,Female,53,Electronics,1,300,300,Adult,Normal,Low,Premium
688,03-10-2023,CUST688,Male,56,Clothing,4,25,100,Adult,Bulk,Low,Regular
689,07-10-2023,CUST689,Male,57,Electronics,2,50,100,Senior,Normal,Low,Regular
690,05-11-2023,CUST690,Female,52,Clothing,3,300,900,Adult,Bulk,Medium,Premium
691,23-04-2023,CUST691,Female,51,Clothing,3,30,90,Senior,Bulk,Low,Regular
692,07-09-2023,CUST692,Female,64,Clothing,2,50,100,Senior,Normal,Low,Regular
693,23-04-2023,CUST693,Male,41,Beauty,3,500,1500,Senior,Bulk,High,Premium
694,20-05-2023,CUST694,Female,39,Electronics,2,25,50,Senior,Normal,Low,Regular
695,12-08-2023,CUST695,Female,22,Electronics,3,50,150,Senior,Bulk,Low,Regular
696,06-09-2023,CUST696,Female,50,Clothing,4,50,200,Senior,Bulk,Low,Regular
697,15-01-2023,CUST697,Male,53,Clothing,1,500,500,Adult,Normal,Medium,Premium
698,19-07-2023,CUST698,Female,64,Electronics,1,300,300,Adult,Normal,Low,Premium
699,22-06-2023,CUST699,Female,37,Clothing,4,30,120,Young,Bulk,Low,Regular
700,09-12-2023,CUST700,Male,36,Electronics,4,500,2000,Senior,Bulk,High,Premium
701,14-12-2023,CUST701,Female,52,Beauty,2,30,60,Senior,Normal,Low,Regular
702,27-07-2023,CUST702,Female,60,Clothing,2,300,600,Senior,Normal,Medium,Premium
703,26-03-2023,CUST703,Male,34,Electronics,2,50,100,Adult,Normal,Low,Regular
704,28-08-2023,CUST704,Female,62,Clothing,3,30,90,Adult,Bulk,Low,Regular
705,07-03-2023,CUST705,Male,60,Electronics,2,25,50,Senior,Normal,Low,Regular
706,15-11-2023,CUST706,Male,51,Electronics,4,25,100,Senior,Bulk,Low,Regular
707,01-10-2023,CUST707,Female,26,Clothing,1,500,500,Adult,Normal,Medium,Premium
708,14-01-2023,CUST708,Female,43,Beauty,3,300,900,Senior,Bulk,Medium,Premium
709,21-07-2023,CUST709,Female,19,Electronics,2,500,1000,Senior,Normal,High,Premium
710,31-10-2023,CUST710,Female,26,Electronics,3,500,1500,Senior,Bulk,High,Premium
711,16-10-2023,CUST711,Male,26,Electronics,3,500,1500,Adult,Bulk,High,Premium
712,06-12-2023,CUST712,Female,57,Beauty,2,25,50,Adult,Normal,Low,Regular
713,14-01-2023,CUST713,Male,34,Beauty,3,25,75,Young,Bulk,Low,Regular
714,12-02-2023,CUST714,Female,18,Clothing,1,500,500,Adult,Normal,Medium,Premium
715,26-11-2023,CUST715,Female,42,Beauty,4,25,100,Adult,Bulk,Low,Regular
716,08-08-2023,CUST716,Female,60,Clothing,4,300,1200,Senior,Bulk,High,Premium
717,11-03-2023,CUST717,Male,57,Clothing,1,500,500,Adult,Normal,Medium,Premium
718,25-08-2023,CUST718,Female,59,Beauty,3,25,75,Young,Bulk,Low,Regular
719,04-04-2023,CUST719,Female,42,Clothing,2,30,60,Adult,Normal,Low,Regular
720,26-01-2023,CUST720,Female,56,Beauty,3,500,1500,Senior,Bulk,High,Premium
721,14-05-2023,CUST721,Female,52,Clothing,1,500,500,Senior,Normal,Medium,Premium
722,14-07-2023,CUST722,Male,20,Beauty,3,300,900,Senior,Bulk,Medium,Premium
723,17-06-2023,CUST723,Female,54,Beauty,4,50,200,Adult,Bulk,Low,Regular
724,19-04-2023,CUST724,Male,61,Clothing,3,50,150,Senior,Bulk,Low,Regular
725,21-08-2023,CUST725,Male,61,Electronics,1,300,300,Senior,Normal,Low,Premium
726,17-06-2023,CUST726,Male,47,Clothing,4,300,1200,Young,Bulk,High,Premium
727,22-06-2023,CUST727,Male,55,Beauty,3,300,900,Senior,Bulk,Medium,Premium
728,14-07-2023,CUST728,Male,51,Electronics,3,50,150,Senior,Bulk,Low,Regular
729,23-05-2023,CUST729,Male,29,Clothing,4,300,1200,Senior,Bulk,High,Premium
730,04-08-2023,CUST730,Female,36,Clothing,2,25,50,Senior,Normal,Low,Regular
731,10-05-2023,CUST731,Male,54,Clothing,4,500,2000,Senior,Bulk,High,Premium
732,11-02-2023,CUST732,Male,61,Electronics,2,500,1000,Senior,Normal,High,Premium
733,29-08-2023,CUST733,Male,34,Beauty,1,30,30,Adult,Normal,Low,Regular
734,10-01-2023,CUST734,Female,27,Clothing,1,30,30,Adult,Normal,Low,Regular
735,04-10-2023,CUST735,Female,64,Clothing,4,500,2000,Senior,Bulk,High,Premium
736,27-01-2023,CUST736,Male,29,Clothing,4,25,100,Senior,Bulk,Low,Regular
737,29-06-2023,CUST737,Female,33,Clothing,1,50,50,Adult,Normal,Low,Regular
738,25-04-2023,CUST738,Male,41,Clothing,2,50,100,Adult,Normal,Low,Regular
739,29-11-2023,CUST739,Male,36,Beauty,1,25,25,Senior,Normal,Low,Regular
740,05-02-2023,CUST740,Female,25,Beauty,4,50,200,Adult,Bulk,Low,Regular
741,30-11-2023,CUST741,Male,48,Clothing,1,300,300,Adult,Normal,Low,Premium
742,21-01-2023,CUST742,Female,38,Electronics,4,500,2000,Adult,Bulk,High,Premium
743,16-01-2023,CUST743,Female,34,Beauty,4,500,2000,Adult,Bulk,High,Premium
744,07-05-2023,CUST744,Male,40,Electronics,1,25,25,Adult,Normal,Low,Regular
745,13-04-2023,CUST745,Male,54,Beauty,2,50,100,Senior,Normal,Low,Regular
746,11-01-2023,CUST746,Female,33,Clothing,3,30,90,Adult,Bulk,Low,Regular
747,15-11-2023,CUST747,Male,23,Beauty,1,30,30,Adult,Normal,Low,Regular
748,20-03-2023,CUST748,Male,25,Clothing,3,50,150,Adult,Bulk,Low,Regular
749,03-05-2023,CUST749,Male,42,Beauty,1,30,30,Senior,Normal,Low,Regular
750,06-03-2023,CUST750,Female,35,Clothing,3,25,75,Adult,Bulk,Low,Regular
751,31-08-2023,CUST751,Female,42,Clothing,2,25,50,Young,Normal,Low,Regular
752,09-12-2023,CUST752,Male,29,Clothing,2,50,100,Adult,Normal,Low,Regular
753,28-02-2023,CUST753,Female,32,Clothing,1,30,30,Adult,Normal,Low,Regular
754,16-10-2023,CUST754,Female,43,Electronics,4,25,100,Adult,Bulk,Low,Regular
755,22-04-2023,CUST755,Female,58,Clothing,3,25,75,Adult,Bulk,Low,Regular
756,27-08-2023,CUST756,Female,62,Electronics,4,300,1200,Adult,Bulk,High,Premium
757,25-12-2023,CUST757,Female,43,Electronics,4,300,1200,Adult,Bulk,High,Premium
758,12-05-2023,CUST758,Male,64,Clothing,4,25,100,Adult,Bulk,Low,Regular
759,08-07-2023,CUST759,Male,49,Electronics,2,50,100,Senior,Normal,Low,Regular
760,27-03-2023,CUST760,Male,27,Beauty,1,500,500,Senior,Normal,Medium,Premium
761,07-11-2023,CUST761,Female,33,Clothing,1,500,500,Adult,Normal,Medium,Premium
762,07-11-2023,CUST762,Female,24,Electronics,2,25,50,Senior,Normal,Low,Regular
763,28-02-2023,CUST763,Male,34,Clothing,2,25,50,Senior,Normal,Low,Regular
764,25-03-2023,CUST764,Female,40,Clothing,1,25,25,Adult,Normal,Low,Regular
765,09-06-2023,CUST765,Male,43,Clothing,4,50,200,Adult,Bulk,Low,Regular
766,25-02-2023,CUST766,Male,38,Electronics,3,300,900,Young,Bulk,Medium,Premium
767,24-10-2023,CUST767,Male,39,Beauty,3,25,75,Adult,Bulk,Low,Regular
768,14-01-2023,CUST768,Female,24,Beauty,3,25,75,Adult,Bulk,Low,Regular
769,09-06-2023,CUST769,Female,31,Electronics,4,30,120,Adult,Bulk,Low,Regular
770,22-10-2023,CUST770,Male,32,Clothing,1,50,50,Adult,Normal,Low,Regular
771,13-12-2023,CUST771,Male,24,Electronics,2,25,50,Adult,Normal,Low,Regular
772,12-07-2023,CUST772,Male,26,Electronics,1,30,30,Young,Normal,Low,Regular
773,23-07-2023,CUST773,Male,25,Electronics,4,500,2000,Adult,Bulk,High,Premium
774,12-04-2023,CUST774,Female,40,Clothing,2,25,50,Adult,Normal,Low,Regular
775,08-02-2023,CUST775,Female,46,Electronics,4,25,100,Young,Bulk,Low,Regular
776,31-10-2023,CUST776,Male,35,Clothing,3,30,90,Adult,Bulk,Low,Regular
777,20-12-2023,CUST777,Male,48,Electronics,3,50,150,Adult,Bulk,Low,Regular
778,18-11-2023,CUST778,Female,47,Beauty,4,25,100,Adult,Bulk,Low,Regular
779,05-05-2023,CUST779,Female,56,Electronics,2,500,1000,Senior,Normal,High,Premium
780,22-02-2023,CUST780,Male,52,Electronics,2,25,50,Adult,Normal,Low,Regular
781,23-12-2023,CUST781,Male,35,Beauty,1,500,500,Senior,Normal,Medium,Premium
782,04-06-2023,CUST782,Male,59,Clothing,3,300,900,Senior,Bulk,Medium,Premium
783,17-12-2023,CUST783,Female,56,Clothing,1,300,300,Senior,Normal,Low,Premium
784,04-11-2023,CUST784,Female,34,Electronics,1,500,500,Senior,Normal,Medium,Premium
785,03-03-2023,CUST785,Female,31,Beauty,4,50,200,Adult,Bulk,Low,Regular
786,17-10-2023,CUST786,Male,48,Clothing,4,25,100,Senior,Bulk,Low,Regular
787,22-01-2023,CUST787,Male,41,Electronics,1,25,25,Senior,Normal,Low,Regular
788,27-06-2023,CUST788,Female,52,Beauty,3,300,900,Adult,Bulk,Medium,Premium
789,30-09-2023,CUST789,Female,61,Clothing,4,500,2000,Adult,Bulk,High,Premium
790,08-08-2023,CUST790,Male,62,Clothing,1,25,25,Senior,Normal,Low,Regular
791,05-12-2023,CUST791,Female,51,Beauty,1,25,25,Adult,Normal,Low,Regular
792,09-07-2023,CUST792,Female,20,Beauty,1,50,50,Senior,Normal,Low,Regular
793,05-02-2023,CUST793,Male,54,Beauty,1,30,30,Senior,Normal,Low,Regular
794,17-09-2023,CUST794,Female,60,Beauty,1,300,300,Senior,Normal,Low,Premium
795,28-11-2023,CUST795,Male,57,Electronics,1,300,300,Senior,Normal,Low,Premium
796,24-06-2023,CUST796,Male,43,Beauty,4,30,120,Young,Bulk,Low,Regular
797,07-01-2023,CUST797,Male,40,Clothing,3,25,75,Senior,Bulk,Low,Regular
798,04-08-2023,CUST798,Male,61,Clothing,1,50,50,Senior,Normal,Low,Regular
799,08-09-2023,CUST799,Male,56,Electronics,2,50,100,Senior,Normal,Low,Regular
800,24-02-2023,CUST800,Male,32,Clothing,4,300,1200,Adult,Bulk,High,Premium
801,10-08-2023,CUST801,Male,21,Clothing,4,50,200,Adult,Bulk,Low,Regular
802,05-07-2023,CUST802,Female,46,Beauty,1,30,30,Senior,Normal,Low,Regular
803,22-11-2023,CUST803,Male,39,Clothing,4,25,100,Senior,Bulk,Low,Regular
804,24-08-2023,CUST804,Male,42,Electronics,1,30,30,Adult,Normal,Low,Regular
805,29-12-2023,CUST805,Female,30,Beauty,3,500,1500,Young,Bulk,High,Premium
806,20-03-2023,CUST806,Female,35,Beauty,3,300,900,Senior,Bulk,Medium,Premium
807,11-08-2023,CUST807,Female,50,Electronics,4,50,200,Adult,Bulk,Low,Regular
808,01-04-2023,CUST808,Male,33,Beauty,4,500,2000,Adult,Bulk,High,Premium
809,25-09-2023,CUST809,Female,62,Beauty,2,50,100,Adult,Normal,Low,Regular
810,30-11-2023,CUST810,Male,59,Electronics,4,25,100,Adult,Bulk,Low,Regular
811,19-05-2023,CUST811,Male,61,Beauty,2,25,50,Senior,Normal,Low,Regular
812,12-11-2023,CUST812,Male,19,Electronics,3,25,75,Adult,Bulk,Low,Regular
813,03-10-2023,CUST813,Male,52,Electronics,3,50,150,Senior,Bulk,Low,Regular
814,05-09-2023,CUST814,Female,59,Clothing,1,500,500,Senior,Normal,Medium,Premium
815,27-08-2023,CUST815,Female,51,Clothing,3,25,75,Senior,Bulk,Low,Regular
816,12-08-2023,CUST816,Male,47,Beauty,2,500,1000,Young,Normal,High,Premium
817,31-10-2023,CUST817,Male,30,Beauty,4,50,200,Senior,Bulk,Low,Regular
818,18-05-2023,CUST818,Male,30,Electronics,1,500,500,Senior,Normal,Medium,Premium
819,15-06-2023,CUST819,Female,35,Beauty,2,50,100,Senior,Normal,Low,Regular
820,06-05-2023,CUST820,Male,49,Electronics,4,50,200,Senior,Bulk,Low,Regular
821,14-02-2023,CUST821,Male,49,Electronics,1,300,300,Adult,Normal,Low,Premium
822,23-05-2023,CUST822,Female,52,Beauty,3,50,150,Adult,Bulk,Low,Regular
823,19-08-2023,CUST823,Female,56,Electronics,2,50,100,Adult,Normal,Low,Regular
824,05-05-2023,CUST824,Male,63,Clothing,4,30,120,Senior,Bulk,Low,Regular
825,26-08-2023,CUST825,Female,46,Beauty,1,25,25,Senior,Normal,Low,Regular
826,19-10-2023,CUST826,Female,46,Clothing,1,300,300,Senior,Normal,Low,Premium
827,09-11-2023,CUST827,Male,61,Beauty,3,300,900,Senior,Bulk,Medium,Premium
828,09-12-2023,CUST828,Female,33,Electronics,4,300,1200,Senior,Bulk,High,Premium
829,14-07-2023,CUST829,Male,61,Beauty,3,30,90,Senior,Bulk,Low,Regular
830,22-06-2023,CUST830,Female,64,Clothing,3,50,150,Senior,Bulk,Low,Regular
831,15-01-2023,CUST831,Male,27,Electronics,4,25,100,Senior,Bulk,Low,Regular
832,11-09-2023,CUST832,Male,47,Beauty,4,500,2000,Adult,Bulk,High,Premium
833,16-06-2023,CUST833,Male,42,Beauty,4,50,200,Senior,Bulk,Low,Regular
834,04-04-2023,CUST834,Female,56,Beauty,2,30,60,Senior,Normal,Low,Regular
835,07-09-2023,CUST835,Male,37,Clothing,4,50,200,Adult,Bulk,Low,Regular
836,19-04-2023,CUST836,Female,22,Clothing,1,50,50,Senior,Normal,Low,Regular
837,01-07-2023,CUST837,Male,18,Beauty,3,30,90,Adult,Bulk,Low,Regular
838,13-05-2023,CUST838,Male,47,Electronics,2,300,600,Senior,Normal,Medium,Premium
839,24-06-2023,CUST839,Female,20,Electronics,4,300,1200,Adult,Bulk,High,Premium
840,24-05-2023,CUST840,Male,62,Clothing,2,25,50,Young,Normal,Low,Regular
841,02-11-2023,CUST841,Male,31,Electronics,4,25,100,Young,Bulk,Low,Regular
842,26-12-2023,CUST842,Female,47,Clothing,2,300,600,Senior,Normal,Medium,Premium
843,22-05-2023,CUST843,Male,21,Beauty,3,500,1500,Young,Bulk,High,Premium
844,12-10-2023,CUST844,Male,35,Clothing,3,50,150,Senior,Bulk,Low,Regular
845,06-01-2023,CUST845,Male,54,Clothing,1,500,500,Adult,Normal,Medium,Premium
846,22-09-2023,CUST846,Male,42,Beauty,1,50,50,Senior,Normal,Low,Regular
847,08-04-2023,CUST847,Female,18,Electronics,4,300,1200,Young,Bulk,High,Premium
848,13-02-2023,CUST848,Female,63,Clothing,3,25,75,Adult,Bulk,Low,Regular
849,04-05-2023,CUST849,Male,32,Clothing,2,25,50,Senior,Normal,Low,Regular
850,28-07-2023,CUST850,Female,26,Beauty,2,500,1000,Adult,Normal,High,Premium
851,08-09-2023,CUST851,Male,32,Electronics,2,25,50,Young,Normal,Low,Regular
852,12-10-2023,CUST852,Female,41,Clothing,1,300,300,Senior,Normal,Low,Premium
853,04-05-2023,CUST853,Male,21,Beauty,2,500,1000,Adult,Normal,High,Premium
854,20-12-2023,CUST854,Male,29,Clothing,1,50,50,Adult,Normal,Low,Regular
855,01-09-2023,CUST855,Male,54,Beauty,1,25,25,Adult,Normal,Low,Regular
856,27-11-2023,CUST856,Male,54,Electronics,4,30,120,Adult,Bulk,Low,Regular
857,31-12-2023,CUST857,Male,60,Electronics,2,25,50,Young,Normal,Low,Regular
858,09-09-2023,CUST858,Male,23,Electronics,2,50,100,Adult,Normal,Low,Regular
859,18-08-2023,CUST859,Female,56,Electronics,3,500,1500,Senior,Bulk,High,Premium
860,09-01-2023,CUST860,Male,63,Clothing,4,50,200,Senior,Bulk,Low,Regular
861,17-02-2023,CUST861,Female,41,Clothing,3,30,90,Senior,Bulk,Low,Regular
862,31-05-2023,CUST862,Male,28,Electronics,4,300,1200,Young,Bulk,High,Premium
863,24-04-2023,CUST863,Female,30,Electronics,2,25,50,Senior,Normal,Low,Regular
864,27-07-2023,CUST864,Female,51,Electronics,1,500,500,Senior,Normal,Medium,Premium
865,21-12-2023,CUST865,Female,42,Clothing,1,300,300,Adult,Normal,Low,Premium
866,05-05-2023,CUST866,Male,24,Electronics,1,50,50,Adult,Normal,Low,Regular
867,06-06-2023,CUST867,Male,21,Electronics,1,500,500,Adult,Normal,Medium,Premium
868,06-12-2023,CUST868,Female,25,Electronics,1,300,300,Senior,Normal,Low,Premium
869,25-10-2023,CUST869,Male,37,Beauty,3,500,1500,Adult,Bulk,High,Premium
870,08-07-2023,CUST870,Female,46,Electronics,4,30,120,Young,Bulk,Low,Regular
871,31-08-2023,CUST871,Male,62,Beauty,2,30,60,Young,Normal,Low,Regular
872,11-10-2023,CUST872,Female,63,Beauty,3,25,75,Adult,Bulk,Low,Regular
873,29-09-2023,CUST873,Female,27,Electronics,4,25,100,Adult,Bulk,Low,Regular
874,26-06-2023,CUST874,Male,60,Beauty,1,30,30,Senior,Normal,Low,Regular
875,06-08-2023,CUST875,Female,51,Electronics,4,500,2000,Senior,Bulk,High,Premium
876,09-10-2023,CUST876,Male,43,Clothing,4,30,120,Senior,Bulk,Low,Regular
877,19-06-2023,CUST877,Female,58,Clothing,1,25,25,Adult,Normal,Low,Regular
878,30-06-2023,CUST878,Female,20,Clothing,1,30,30,Senior,Normal,Low,Regular
879,26-12-2023,CUST879,Male,23,Clothing,1,30,30,Senior,Normal,Low,Regular
880,21-08-2023,CUST880,Male,22,Beauty,2,500,1000,Adult,Normal,High,Premium
881,19-05-2023,CUST881,Male,22,Electronics,1,300,300,Senior,Normal,Low,Premium
882,06-06-2023,CUST882,Female,64,Electronics,2,25,50,Young,Normal,Low,Regular
883,09-05-2023,CUST883,Male,40,Electronics,1,500,500,Young,Normal,Medium,Premium
884,29-04-2023,CUST884,Female,26,Clothing,2,30,60,Young,Normal,Low,Regular
885,03-03-2023,CUST885,Female,52,Clothing,4,30,120,Young,Bulk,Low,Regular
886,09-04-2023,CUST886,Male,37,Electronics,3,300,900,Senior,Bulk,Medium,Premium
887,11-06-2023,CUST887,Male,59,Clothing,4,25,100,Adult,Bulk,Low,Regular
888,03-03-2023,CUST888,Female,52,Electronics,4,25,100,Adult,Bulk,Low,Regular
889,02-10-2023,CUST889,Female,35,Electronics,1,50,50,Senior,Normal,Low,Regular
890,20-12-2023,CUST890,Male,34,Electronics,2,25,50,Adult,Normal,Low,Regular
891,05-04-2023,CUST891,Male,41,Electronics,3,300,900,Senior,Bulk,Medium,Premium
892,09-04-2023,CUST892,Male,20,Electronics,1,50,50,Senior,Normal,Low,Regular
893,21-04-2023,CUST893,Male,49,Electronics,1,50,50,Adult,Normal,Low,Regular
894,05-09-2023,CUST894,Male,52,Electronics,1,30,30,Adult,Normal,Low,Regular
895,22-05-2023,CUST895,Female,55,Clothing,4,30,120,Adult,Bulk,Low,Regular
896,29-10-2023,CUST896,Female,30,Electronics,2,25,50,Young,Normal,Low,Regular
897,26-09-2023,CUST897,Female,64,Electronics,2,50,100,Senior,Normal,Low,Regular
898,02-11-2023,CUST898,Female,42,Clothing,3,30,90,Senior,Bulk,Low,Regular
899,25-05-2023,CUST899,Male,26,Clothing,2,300,600,Senior,Normal,Medium,Premium
900,21-02-2023,CUST900,Male,21,Clothing,2,30,60,Adult,Normal,Low,Regular
901,10-04-2023,CUST901,Male,31,Electronics,1,30,30,Senior,Normal,Low,Regular
902,01-06-2023,CUST902,Female,54,Beauty,1,50,50,Adult,Normal,Low,Regular
903,27-04-2023,CUST903,Female,51,Beauty,4,50,200,Adult,Bulk,Low,Regular
904,04-07-2023,CUST904,Male,28,Clothing,1,500,500,Young,Normal,Medium,Premium
905,02-04-2023,CUST905,Male,58,Beauty,1,300,300,Adult,Normal,Low,Premium
906,04-06-2023,CUST906,Female,20,Clothing,1,50,50,Senior,Normal,Low,Regular
907,08-01-2023,CUST907,Female,45,Electronics,1,25,25,Senior,Normal,Low,Regular
908,29-12-2023,CUST908,Male,46,Beauty,4,300,1200,Adult,Bulk,High,Premium
909,01-10-2023,CUST909,Male,26,Electronics,1,300,300,Senior,Normal,Low,Premium
910,06-03-2023,CUST910,Female,20,Beauty,3,50,150,Young,Bulk,Low,Regular
911,21-05-2023,CUST911,Male,42,Electronics,3,300,900,Senior,Bulk,Medium,Premium
912,24-01-2023,CUST912,Male,51,Beauty,3,50,150,Senior,Bulk,Low,Regular
913,28-01-2023,CUST913,Male,29,Electronics,3,30,90,Adult,Bulk,Low,Regular
914,11-10-2023,CUST914,Female,59,Electronics,1,500,500,Young,Normal,Medium,Premium
915,30-05-2023,CUST915,Female,26,Beauty,3,30,90,Adult,Bulk,Low,Regular
916,24-12-2023,CUST916,Female,32,Electronics,1,50,50,Senior,Normal,Low,Regular
917,06-03-2023,CUST917,Female,57,Electronics,4,50,200,Adult,Bulk,Low,Regular
918,23-11-2023,CUST918,Female,42,Electronics,3,30,90,Senior,Bulk,Low,Regular
919,09-09-2023,CUST919,Female,22,Beauty,2,25,50,Adult,Normal,Low,Regular
920,22-02-2023,CUST920,Female,28,Beauty,3,25,75,Adult,Bulk,Low,Regular
921,07-01-2023,CUST921,Male,51,Electronics,3,25,75,Senior,Bulk,Low,Regular
922,21-10-2023,CUST922,Male,41,Electronics,1,50,50,Adult,Normal,Low,Regular
923,26-05-2023,CUST923,Male,32,Beauty,3,300,900,Young,Bulk,Medium,Premium
924,29-08-2023,CUST924,Male,55,Beauty,2,50,100,Adult,Normal,Low,Regular
925,03-09-2023,CUST925,Male,25,Electronics,1,300,300,Senior,Normal,Low,Premium
926,14-08-2023,CUST926,Male,22,Electronics,1,30,30,Adult,Normal,Low,Regular
927,24-06-2023,CUST927,Male,43,Electronics,4,500,2000,Adult,Bulk,High,Premium
928,05-04-2023,CUST928,Female,35,Clothing,4,300,1200,Senior,Bulk,High,Premium
929,27-01-2023,CUST929,Female,23,Beauty,3,25,75,Adult,Bulk,Low,Regular
930,10-05-2023,CUST930,Male,54,Clothing,4,50,200,Young,Bulk,Low,Regular
931,02-09-2023,CUST931,Male,30,Beauty,4,30,120,Adult,Bulk,Low,Regular
932,28-02-2023,CUST932,Female,45,Beauty,4,25,100,Adult,Bulk,Low,Regular
933,03-02-2023,CUST933,Male,22,Beauty,1,30,30,Young,Normal,Low,Regular
934,25-07-2023,CUST934,Male,30,Beauty,1,500,500,Senior,Normal,Medium,Premium
935,09-09-2023,CUST935,Female,34,Beauty,1,50,50,Adult,Normal,Low,Regular
936,07-02-2023,CUST936,Male,57,Beauty,4,50,200,Senior,Bulk,Low,Regular
937,23-10-2023,CUST937,Female,62,Beauty,1,500,500,Young,Normal,Medium,Premium
938,19-11-2023,CUST938,Male,49,Clothing,4,50,200,Adult,Bulk,Low,Regular
939,18-12-2023,CUST939,Female,46,Electronics,1,300,300,Adult,Normal,Low,Premium
940,28-01-2023,CUST940,Female,20,Electronics,1,30,30,Senior,Normal,Low,Regular
941,19-03-2023,CUST941,Female,57,Clothing,2,25,50,Senior,Normal,Low,Regular
942,18-03-2023,CUST942,Male,51,Clothing,3,500,1500,Senior,Bulk,High,Premium
943,16-10-2023,CUST943,Female,57,Clothing,4,300,1200,Senior,Bulk,High,Premium
944,05-06-2023,CUST944,Male,44,Clothing,2,25,50,Young,Normal,Low,Regular
945,13-02-2023,CUST945,Male,30,Beauty,1,25,25,Senior,Normal,Low,Regular
946,08-05-2023,CUST946,Male,62,Electronics,4,500,2000,Senior,Bulk,High,Premium
947,02-03-2023,CUST947,Male,50,Beauty,1,300,300,Senior,Normal,Low,Premium
948,13-10-2023,CUST948,Female,23,Electronics,3,25,75,Adult,Bulk,Low,Regular
949,02-08-2023,CUST949,Female,41,Electronics,2,25,50,Adult,Normal,Low,Regular
950,07-11-2023,CUST950,Male,36,Clothing,3,300,900,Senior,Bulk,Medium,Premium
951,02-11-2023,CUST951,Male,33,Beauty,2,50,100,Senior,Normal,Low,Regular
952,13-11-2023,CUST952,Female,57,Clothing,1,25,25,Young,Normal,Low,Regular
953,26-04-2023,CUST953,Male,45,Beauty,3,30,90,Adult,Bulk,Low,Regular
954,25-09-2023,CUST954,Female,50,Electronics,3,300,900,Adult,Bulk,Medium,Premium
955,14-07-2023,CUST955,Male,58,Clothing,1,25,25,Adult,Normal,Low,Regular
956,19-08-2023,CUST956,Male,30,Clothing,3,500,1500,Senior,Bulk,High,Premium
957,15-08-2023,CUST957,Female,60,Electronics,4,30,120,Senior,Bulk,Low,Regular
958,02-06-2023,CUST958,Male,62,Electronics,2,25,50,Senior,Normal,Low,Regular
959,29-10-2023,CUST959,Female,42,Electronics,2,30,60,Senior,Normal,Low,Regular
960,08-08-2023,CUST960,Male,59,Clothing,2,30,60,Adult,Normal,Low,Regular
961,06-06-2023,CUST961,Male,53,Beauty,4,50,200,Senior,Bulk,Low,Regular
962,19-10-2023,CUST962,Male,44,Clothing,2,30,60,Senior,Normal,Low,Regular
963,14-11-2023,CUST963,Female,55,Beauty,1,50,50,Adult,Normal,Low,Regular
964,31-01-2023,CUST964,Male,24,Clothing,3,300,900,Senior,Bulk,Medium,Premium
965,09-11-2023,CUST965,Male,22,Clothing,4,50,200,Senior,Bulk,Low,Regular
966,20-02-2023,CUST966,Male,60,Electronics,2,500,1000,Adult,Normal,High,Premium
967,17-04-2023,CUST967,Male,62,Beauty,1,25,25,Senior,Normal,Low,Regular
968,17-11-2023,CUST968,Female,48,Clothing,3,300,900,Young,Bulk,Medium,Premium
969,19-04-2023,CUST969,Female,40,Clothing,3,300,900,Young,Bulk,Medium,Premium
970,16-05-2023,CUST970,Male,59,Electronics,4,500,2000,Senior,Bulk,High,Premium
971,05-12-2023,CUST971,Female,27,Electronics,4,50,200,Senior,Bulk,Low,Regular
972,11-02-2023,CUST972,Male,49,Beauty,4,25,100,Senior,Bulk,Low,Regular
973,22-03-2023,CUST973,Male,60,Clothing,1,50,50,Adult,Normal,Low,Regular
974,03-05-2023,CUST974,Male,47,Beauty,1,30,30,Senior,Normal,Low,Regular
975,30-03-2023,CUST975,Female,56,Clothing,4,50,200,Adult,Bulk,Low,Regular
976,10-10-2023,CUST976,Female,48,Beauty,2,300,600,Senior,Normal,Medium,Premium
977,08-02-2023,CUST977,Female,35,Electronics,3,25,75,Senior,Bulk,Low,Regular
978,22-03-2023,CUST978,Female,53,Clothing,3,50,150,Senior,Bulk,Low,Regular
979,02-01-2023,CUST979,Female,19,Beauty,1,25,25,Senior,Normal,Low,Regular
980,29-07-2023,CUST980,Female,31,Electronics,3,25,75,Senior,Bulk,Low,Regular
981,19-08-2023,CUST981,Female,30,Electronics,2,30,60,Adult,Normal,Low,Regular
982,19-12-2023,CUST982,Female,46,Beauty,3,30,90,Senior,Bulk,Low,Regular
983,01-11-2023,CUST983,Female,29,Clothing,1,300,300,Young,Normal,Low,Premium
984,29-08-2023,CUST984,Male,56,Clothing,1,500,500,Adult,Normal,Medium,Premium
985,30-05-2023,CUST985,Female,19,Electronics,2,25,50,Adult,Normal,Low,Regular
986,17-01-2023,CUST986,Female,49,Clothing,2,500,1000,Senior,Normal,High,Premium
987,29-04-2023,CUST987,Female,30,Clothing,3,300,900,Adult,Bulk,Medium,Premium
988,28-05-2023,CUST988,Female,63,Clothing,3,25,75,Senior,Bulk,Low,Regular
989,28-12-2023,CUST989,Female,44,Electronics,1,25,25,Young,Normal,Low,Regular
990,25-05-2023,CUST990,Female,58,Beauty,2,500,1000,Senior,Normal,High,Premium
991,26-12-2023,CUST991,Female,34,Clothing,2,50,100,Adult,Normal,Low,Regular
992,21-08-2023,CUST992,Female,57,Electronics,2,30,60,Senior,Normal,Low,Regular
993,06-02-2023,CUST993,Female,48,Electronics,3,50,150,Adult,Bulk,Low,Regular
994,18-12-2023,CUST994,Female,51,Beauty,2,500,1000,Senior,Normal,High,Premium
995,30-04-2023,CUST995,Female,41,Clothing,1,30,30,Adult,Normal,Low,Regular
996,16-05-2023,CUST996,Male,62,Clothing,1,50,50,Senior,Normal,Low,Regular
997,17-11-2023,CUST997,Male,52,Beauty,3,30,90,Senior,Bulk,Low,Regular
998,29-10-2023,CUST998,Female,23,Beauty,4,25,100,Senior,Bulk,Low,Regular
999,05-12-2023,CUST999,Female,36,Electronics,3,50,150,Adult,Bulk,Low,Regular
1000,12-04-2023,CUST1000,Male,47,Electronics,4,30,120,Senior,Bulk,Low,Regular
